20160103,091537,780,700,0,0.01,0.01,0.01,0.01,0.01,0.01,0.01,0.01,0.01,0.01,0.01,0.01,0.01,0.01,0.01,0.01,0.01,0.01,0.01,0.01,0.01,0.01,0.01,0.01,0.01,0.01,0.01,0.01,0.01,0.01,0.01,0.01,0.01,0.01,0.01,0.01,0.01,0.01,0.01,0.01,0.01,0.01,0.01,0.01,0.01,0.01,0.01,0.02,0.01,0.01,0.01,0.01,0.01,0.01,0.01,0.01,0.01,0.01,0.01,0.01,0.01,0.01,0.01,0.01,-0.07,0.02,-0.04,0.08,-0.00,0.09,0.04,0.05,0.04,0.06,0.12,0.20,0.26,0.26,0.21,0.12,0.04,-0.01,-0.01,0.03,0.07,0.09,0.10,0.09,0.08,0.07,0.06,0.05,0.05,0.05,0.06,0.06,0.06,0.05,0.05,0.04,0.04,0.04,0.04,0.03,0.03,0.03,0.03,0.03,0.03,0.02,0.02,0.02,0.02,0.02,0.02,0.02,0.02,0.02,0.02,0.02,0.02,0.02,0.02,0.01,0.02,0.01,0.01,0.01
20160103,091537,780,700,0,0.01,0.01,0.01,0.01,0.01,0.01,0.01,0.01,0.01,0.01,0.01,0.01,0.01,0.01,0.01,0.01,0.01,0.01,0.01,0.01,0.01,0.01,0.01,0.01,0.01,0.01,0.01,0.01,0.01,0.01,0.01,0.01,0.01,0.01,0.01,0.01,0.01,0.01,0.01,0.01,0.01,0.01,0.01,0.01,0.01,0.01,0.01,0.01,0.01,0.01,0.01,0.01,0.01,0.01,0.01,0.01,0.01,0.01,0.01,0.01,0.01,0.01,0.01,0.03,0.03,-0.07,0.04,-0.02,0.06,0.04,0.06,0.05,0.05,0.05,0.11,0.19,0.26,0.28,0.23,0.14,0.05,-0.00,-0.01,0.03,0.07,0.10,0.11,0.10,0.08,0.07,0.06,0.06,0.05,0.06,0.06,0.06,0.06,0.06,0.05,0.05,0.04,0.04,0.04,0.04,0.04,0.03,0.03,0.03,0.03,0.03,0.03,0.02,0.02,0.02,0.02,0.02,0.02,0.02,0.02,0.02,0.02,0.02,0.02,0.02,0.01,0.01,0.01,0.02
20160103,091538,780,700,0,0.01,0.01,0.01,0.01,0.01,0.01,0.01,0.01,0.01,0.01,0.01,0.01,0.01,0.01,0.01,0.01,0.01,0.01,0.01,0.01,0.01,0.01,0.01,0.01,0.01,0.01,0.01,0.01,0.01,0.01,0.01,0.01,0.01,0.01,0.01,0.01,0.01,0.01,0.01,0.01,0.01,0.01,0.01,0.01,0.01,0.01,0.01,0.01,0.01,0.01,0.01,0.01,0.01,0.01,0.01,0.01,0.01,0.01,0.01,0.01,0.01,0.01,0.01,0.01,-0.01,-0.07,0.02,0.01,0.05,0.05,0.07,0.04,0.05,0.06,0.12,0.21,0.28,0.28,0.22,0.12,0.03,-0.01,-0.01,0.03,0.07,0.10,0.11,0.10,0.08,0.07,0.06,0.05,0.06,0.06,0.06,0.06,0.06,0.06,0.05,0.05,0.04,0.04,0.04,0.04,0.04,0.03,0.03,0.03,0.03,0.03,0.02,0.02,0.02,0.02,0.02,0.02,0.02,0.02,0.02,0.02,0.02,0.02,0.02,0.02,0.01,0.02,0.02,0.01
20160103,091538,780,700,0,0.01,0.01,0.01,0.01,0.01,0.01,0.01,0.01,0.01,0.01,0.01,0.01,0.01,0.01,0.01,0.01,0.01,0.01,0.01,0.01,0.01,0.01,0.01,0.01,0.01,0.01,0.01,0.01,0.01,0.01,0.01,0.01,0.01,0.01,0.01,0.01,0.01,0.01,0.01,0.01,0.01,0.01,0.01,0.01,0.01,0.01,0.01,0.01,0.01,0.01,0.01,0.01,0.01,0.01,0.01,0.01,0.01,0.01,0.01,0.01,0.01,0.01,0.01,0.02,0.03,-0.08,0.04,-0.03,0.07,0.03,0.08,0.03,0.05,0.05,0.11,0.19,0.27,0.28,0.23,0.14,0.05,-0.00,-0.01,0.02,0.06,0.10,0.10,0.10,0.08,0.07,0.06,0.05,0.06,0.06,0.06,0.06,0.06,0.06,0.05,0.05,0.04,0.04,0.04,0.04,0.04,0.03,0.03,0.03,0.03,0.03,0.03,0.03,0.02,0.02,0.02,0.02,0.02,0.02,0.02,0.02,0.02,0.02,0.01,0.02,0.02,0.01,0.02,0.01
20160103,091539,780,700,0,0.01,0.01,0.01,0.01,0.01,0.01,0.01,0.01,0.01,0.01,0.01,0.01,0.01,0.01,0.01,0.01,0.01,0.01,0.01,0.01,0.01,0.01,0.01,0.01,0.01,0.01,0.01,0.01,0.01,0.01,0.01,0.01,0.01,0.01,0.01,0.01,0.01,0.01,0.01,0.01,0.01,0.01,0.01,0.01,0.01,0.01,0.01,0.01,0.01,0.01,0.01,0.01,0.01,0.01,0.01,0.01,0.01,0.01,0.01,0.01,0.01,0.01,0.01,0.01,-0.05,0.03,-0.00,0.04,0.01,0.06,0.04,0.07,0.03,0.05,0.09,0.19,0.27,0.31,0.26,0.17,0.07,-0.00,-0.02,0.00,0.06,0.09,0.11,0.11,0.09,0.07,0.06,0.06,0.06,0.06,0.06,0.06,0.06,0.05,0.05,0.05,0.04,0.04,0.04,0.04,0.03,0.03,0.03,0.03,0.03,0.03,0.03,0.02,0.02,0.02,0.02,0.02,0.02,0.02,0.02,0.02,0.02,0.02,0.01,0.01,0.02,0.02,0.01,0.01
20160103,091539,780,700,0,0.01,0.01,0.01,0.01,0.01,0.01,0.01,0.01,0.01,0.01,0.01,0.01,0.01,0.01,0.01,0.01,0.01,0.01,0.01,0.01,0.01,0.01,0.01,0.01,0.01,0.01,0.01,0.01,0.01,0.01,0.01,0.01,0.01,0.01,0.01,0.01,0.01,0.01,0.01,0.01,0.01,0.01,0.01,0.01,0.01,0.01,0.01,0.01,0.01,0.01,0.01,0.01,0.01,0.01,0.01,0.01,0.01,0.01,0.01,0.01,0.01,0.01,0.01,0.01,-0.07,-0.02,0.00,-0.02,0.03,0.02,0.07,0.05,0.05,0.04,0.07,0.14,0.22,0.28,0.27,0.19,0.10,0.02,-0.01,-0.00,0.04,0.08,0.10,0.11,0.09,0.08,0.07,0.06,0.05,0.05,0.06,0.06,0.06,0.06,0.05,0.05,0.04,0.04,0.04,0.04,0.03,0.03,0.03,0.03,0.03,0.03,0.03,0.02,0.02,0.02,0.02,0.02,0.02,0.02,0.02,0.02,0.02,0.02,0.02,0.01,0.01,0.02,0.01,0.02
20160103,091540,780,700,0,0.01,0.01,0.01,0.01,0.01,0.01,0.01,0.01,0.01,0.01,0.01,0.01,0.01,0.01,0.01,0.01,0.01,0.01,0.01,0.01,0.01,0.01,0.01,0.01,0.01,0.01,0.01,0.01,0.01,0.01,0.01,0.01,0.01,0.01,0.01,0.01,0.01,0.01,0.01,0.01,0.01,0.01,0.01,0.01,0.01,0.01,0.01,0.01,0.01,0.01,0.01,0.01,0.01,0.01,0.01,0.01,0.01,0.01,0.01,0.01,0.01,0.01,0.01,0.01,-0.07,-0.03,0.00,-0.04,0.04,0.01,0.08,0.05,0.06,0.04,0.07,0.14,0.23,0.28,0.28,0.20,0.10,0.02,-0.02,-0.00,0.04,0.08,0.10,0.11,0.10,0.08,0.06,0.05,0.06,0.06,0.06,0.06,0.06,0.06,0.06,0.05,0.05,0.04,0.04,0.04,0.04,0.03,0.03,0.03,0.03,0.03,0.03,0.02,0.02,0.02,0.02,0.02,0.02,0.02,0.02,0.02,0.02,0.02,0.02,0.02,0.01,0.02,0.01,0.02
20160103,091540,780,700,0,0.01,0.01,0.01,0.01,0.01,0.01,0.01,0.01,0.01,0.01,0.01,0.01,0.01,0.01,0.01,0.01,0.01,0.01,0.01,0.01,0.01,0.01,0.01,0.01,0.01,0.01,0.01,0.01,0.01,0.01,0.01,0.01,0.01,0.01,0.01,0.01,0.01,0.01,0.01,0.01,0.01,0.01,0.01,0.01,0.01,0.01,0.01,0.01,0.01,0.01,0.01,0.01,0.01,0.01,0.01,0.01,0.01,0.01,0.01,0.01,0.01,0.01,0.01,0.01,-0.06,0.02,-0.03,0.08,-0.01,0.09,0.03,0.07,0.03,0.05,0.07,0.15,0.23,0.28,0.25,0.17,0.08,0.01,-0.01,0.00,0.04,0.08,0.10,0.10,0.09,0.07,0.06,0.05,0.05,0.05,0.05,0.05,0.05,0.05,0.05,0.05,0.04,0.03,0.03,0.03,0.04,0.03,0.03,0.02,0.03,0.02,0.03,0.02,0.02,0.02,0.02,0.02,0.02,0.02,0.02,0.02,0.02,0.01,0.02,0.01,0.02,0.01,0.01,0.01
20160103,091541,780,700,0,0.01,0.01,0.01,0.01,0.01,0.01,0.01,0.01,0.01,0.01,0.01,0.01,0.01,0.01,0.01,0.01,0.01,0.01,0.01,0.01,0.01,0.01,0.01,0.01,0.01,0.01,0.01,0.01,0.01,0.01,0.01,0.01,0.01,0.01,0.01,0.01,0.01,0.01,0.01,0.01,0.01,0.01,0.01,0.01,0.01,0.01,0.01,0.01,0.01,0.01,0.01,0.01,0.01,0.01,0.01,0.01,0.01,0.01,0.01,0.01,0.01,0.01,0.01,0.01,-0.05,0.03,0.00,0.03,0.02,0.05,0.05,0.06,0.04,0.06,0.09,0.18,0.26,0.29,0.25,0.16,0.06,0.00,-0.01,0.02,0.06,0.09,0.11,0.11,0.09,0.07,0.06,0.06,0.06,0.06,0.06,0.06,0.06,0.06,0.05,0.05,0.04,0.04,0.04,0.04,0.04,0.03,0.03,0.03,0.03,0.03,0.03,0.02,0.02,0.02,0.02,0.02,0.02,0.02,0.02,0.02,0.02,0.02,0.01,0.01,0.02,0.01,0.02,0.01
20160103,091541,780,700,0,0.01,0.01,0.01,0.01,0.01,0.01,0.01,0.01,0.01,0.01,0.01,0.01,0.01,0.01,0.01,0.01,0.01,0.01,0.01,0.01,0.01,0.01,0.01,0.01,0.01,0.01,0.01,0.01,0.01,0.01,0.01,0.01,0.01,0.01,0.01,0.01,0.01,0.01,0.01,0.01,0.01,0.01,0.01,0.01,0.01,0.01,0.01,0.01,0.01,0.01,0.01,0.01,0.01,0.01,0.01,0.01,0.01,0.01,0.01,0.01,0.01,0.01,0.01,0.02,0.04,-0.09,0.05,-0.04,0.08,0.02,0.07,0.04,0.04,0.05,0.10,0.18,0.25,0.27,0.23,0.14,0.06,0.00,-0.01,0.02,0.06,0.09,0.10,0.10,0.08,0.07,0.06,0.05,0.06,0.06,0.06,0.06,0.05,0.05,0.05,0.05,0.04,0.04,0.03,0.03,0.04,0.03,0.03,0.03,0.03,0.03,0.02,0.02,0.02,0.02,0.02,0.02,0.02,0.02,0.02,0.02,0.02,0.01,0.02,0.02,0.02,0.02,0.02,0.01
20160103,091542,780,700,0,0.01,0.01,0.01,0.01,0.01,0.01,0.01,0.01,0.01,0.01,0.01,0.01,0.01,0.01,0.01,0.01,0.01,0.01,0.01,0.01,0.01,0.01,0.01,0.01,0.01,0.01,0.01,0.01,0.01,0.01,0.01,0.01,0.01,0.01,0.01,0.01,0.01,0.01,0.01,0.01,0.01,0.01,0.01,0.01,0.01,0.01,0.01,0.01,0.01,0.01,0.01,0.01,0.01,0.01,0.01,0.01,0.01,0.01,0.01,0.01,0.01,0.01,0.01,0.01,-0.01,-0.08,0.02,0.01,0.05,0.05,0.07,0.04,0.05,0.05,0.11,0.19,0.26,0.26,0.21,0.12,0.04,-0.01,-0.01,0.02,0.06,0.09,0.10,0.09,0.08,0.06,0.05,0.05,0.05,0.05,0.05,0.05,0.05,0.05,0.04,0.04,0.04,0.04,0.03,0.04,0.03,0.03,0.03,0.03,0.02,0.02,0.02,0.02,0.02,0.02,0.02,0.02,0.02,0.02,0.02,0.02,0.01,0.01,0.01,0.01,0.01,0.02,0.01,0.01
20160103,091542,780,700,0,0.01,0.01,0.01,0.01,0.01,0.01,0.01,0.01,0.01,0.01,0.01,0.01,0.01,0.01,0.01,0.01,0.01,0.01,0.01,0.01,0.01,0.01,0.01,0.01,0.01,0.01,0.01,0.01,0.01,0.01,0.01,0.01,0.01,0.01,0.01,0.01,0.01,0.01,0.01,0.01,0.01,0.01,0.01,0.01,0.01,0.01,0.01,0.01,0.01,0.01,0.01,0.01,0.01,0.01,0.01,0.01,0.01,0.01,0.01,0.01,0.01,0.01,0.01,0.01,-0.07,0.03,-0.05,0.07,-0.02,0.09,0.03,0.07,0.03,0.05,0.09,0.17,0.27,0.31,0.28,0.18,0.07,-0.00,-0.02,0.00,0.05,0.09,0.11,0.11,0.09,0.08,0.07,0.06,0.05,0.06,0.06,0.06,0.06,0.06,0.05,0.05,0.04,0.04,0.04,0.04,0.03,0.03,0.03,0.03,0.03,0.03,0.02,0.03,0.02,0.02,0.02,0.02,0.02,0.02,0.02,0.02,0.02,0.02,0.02,0.02,0.01,0.01,0.01,0.01
20160103,091543,780,700,0,0.01,0.01,0.01,0.01,0.01,0.01,0.01,0.01,0.01,0.01,0.01,0.01,0.01,0.01,0.01,0.01,0.01,0.01,0.01,0.01,0.01,0.01,0.01,0.01,0.01,0.01,0.01,0.01,0.01,0.01,0.01,0.01,0.01,0.01,0.01,0.01,0.01,0.01,0.01,0.01,0.01,0.01,0.01,0.01,0.01,0.01,0.01,0.01,0.01,0.01,0.02,0.01,0.01,0.01,0.01,0.01,0.01,0.01,0.01,0.01,0.01,0.01,0.01,0.01,0.04,-0.06,0.06,-0.04,0.07,0.03,0.07,0.05,0.04,0.04,0.08,0.16,0.23,0.26,0.22,0.14,0.05,0.00,-0.01,0.01,0.05,0.08,0.09,0.09,0.08,0.07,0.06,0.05,0.05,0.05,0.05,0.05,0.05,0.05,0.05,0.04,0.04,0.03,0.03,0.03,0.03,0.03,0.03,0.03,0.03,0.03,0.02,0.02,0.02,0.02,0.02,0.02,0.02,0.02,0.02,0.02,0.02,0.02,0.01,0.01,0.01,0.01,0.02,0.01
20160103,091543,780,700,0,0.01,0.01,0.01,0.01,0.01,0.00,0.01,0.01,0.01,0.01,0.01,0.01,0.01,0.01,0.01,0.01,0.01,0.01,0.01,0.01,0.01,0.01,0.01,0.01,0.01,0.01,0.01,0.01,0.01,0.01,0.01,0.01,0.01,0.01,0.01,0.01,0.01,0.01,0.01,0.01,0.01,0.01,0.01,0.01,0.01,0.01,0.01,0.01,0.01,0.01,0.01,0.01,0.01,0.01,0.01,0.01,0.01,0.01,0.01,0.01,0.01,0.01,0.01,0.01,-0.03,-0.03,0.01,-0.05,0.06,-0.00,0.08,0.04,0.06,0.03,0.07,0.13,0.22,0.28,0.27,0.20,0.10,0.02,-0.01,-0.00,0.04,0.08,0.10,0.11,0.09,0.08,0.06,0.06,0.05,0.06,0.05,0.06,0.06,0.06,0.05,0.05,0.04,0.04,0.04,0.04,0.03,0.03,0.03,0.03,0.03,0.03,0.02,0.02,0.02,0.02,0.02,0.02,0.02,0.02,0.02,0.02,0.02,0.02,0.02,0.01,0.02,0.01,0.01,0.01
20160103,091544,780,700,0,0.01,0.01,0.01,0.01,0.01,0.01,0.01,0.01,0.01,0.01,0.01,0.01,0.01,0.01,0.01,0.01,0.01,0.01,0.01,0.01,0.01,0.01,0.01,0.01,0.01,0.01,0.01,0.01,0.01,0.01,0.01,0.01,0.01,0.01,0.01,0.01,0.01,0.01,0.01,0.01,0.01,0.01,0.01,0.01,0.01,0.01,0.01,0.01,0.01,0.01,0.01,0.01,0.01,0.01,0.01,0.01,0.01,0.01,0.01,0.01,0.01,0.01,0.01,0.01,-0.02,-0.05,-0.01,-0.03,0.02,0.02,0.07,0.04,0.05,0.03,0.07,0.14,0.23,0.28,0.27,0.19,0.10,0.02,-0.01,-0.00,0.04,0.07,0.10,0.10,0.09,0.08,0.06,0.05,0.05,0.05,0.06,0.06,0.06,0.05,0.05,0.05,0.04,0.04,0.04,0.03,0.03,0.03,0.03,0.03,0.03,0.02,0.02,0.02,0.02,0.02,0.02,0.02,0.02,0.02,0.02,0.02,0.02,0.02,0.01,0.01,0.01,0.02,0.02,0.01
20160103,091544,780,700,0,0.01,0.01,0.01,0.01,0.01,0.01,0.01,0.01,0.01,0.01,0.01,0.01,0.01,0.01,0.01,0.01,0.01,0.01,0.01,0.01,0.01,0.01,0.01,0.01,0.01,0.01,0.01,0.01,0.01,0.01,0.01,0.01,0.01,0.01,0.01,0.01,0.01,0.01,0.01,0.01,0.01,0.01,0.01,0.01,0.01,0.01,0.01,0.01,0.01,0.01,0.01,0.01,0.01,0.01,0.01,0.01,0.01,0.01,0.01,0.01,0.01,0.01,0.01,0.01,-0.06,0.02,-0.04,0.03,-0.01,0.06,0.05,0.06,0.05,0.04,0.08,0.14,0.22,0.27,0.25,0.18,0.09,0.02,-0.01,0.00,0.04,0.08,0.10,0.10,0.09,0.07,0.06,0.06,0.05,0.05,0.06,0.06,0.06,0.06,0.05,0.05,0.04,0.04,0.04,0.04,0.03,0.03,0.03,0.03,0.03,0.03,0.03,0.02,0.03,0.02,0.02,0.02,0.02,0.02,0.02,0.02,0.02,0.01,0.02,0.02,0.02,0.02,0.01,0.01
20160103,091545,780,700,0,0.01,0.01,0.01,0.01,0.01,0.01,0.01,0.01,0.01,0.01,0.01,0.01,0.01,0.01,0.01,0.01,0.01,0.01,0.01,0.01,0.01,0.01,0.01,0.01,0.01,0.01,0.01,0.01,0.01,0.01,0.01,0.01,0.01,0.01,0.01,0.01,0.01,0.01,0.01,0.01,0.01,0.01,0.01,0.01,0.01,0.01,0.01,0.01,0.01,0.01,0.01,0.01,0.01,0.01,0.01,0.01,0.02,0.01,0.01,0.01,0.01,0.01,0.01,0.01,-0.02,0.00,-0.02,0.01,-0.00,0.05,0.05,0.06,0.05,0.04,0.08,0.15,0.24,0.29,0.28,0.19,0.09,0.01,-0.02,-0.00,0.04,0.08,0.10,0.11,0.09,0.07,0.07,0.06,0.06,0.05,0.06,0.06,0.06,0.06,0.05,0.05,0.04,0.04,0.04,0.04,0.04,0.03,0.03,0.03,0.03,0.03,0.03,0.02,0.02,0.02,0.02,0.02,0.02,0.02,0.02,0.02,0.01,0.02,0.02,0.02,0.02,0.01,0.01,0.01
20160103,091546,780,720,0,0.01,0.01,0.01,0.01,0.01,0.01,0.01,0.01,0.01,0.01,0.01,0.01,0.01,0.01,0.01,0.01,0.01,0.01,0.01,0.01,0.01,0.01,0.01,0.01,0.01,0.01,0.01,0.01,0.01,0.01,0.01,0.01,0.01,0.01,0.01,0.01,0.01,0.01,0.01,0.01,0.01,0.01,0.01,0.01,0.01,0.01,0.01,0.01,0.01,0.01,0.01,0.01,0.01,0.01,0.01,0.01,0.01,0.01,0.01,0.01,0.01,0.01,0.01,0.01,-0.10,0.04,-0.04,0.09,-0.02,0.09,0.03,0.07,0.03,0.05,0.08,0.16,0.24,0.29,0.26,0.17,0.08,0.00,-0.02,0.00,0.04,0.08,0.10,0.10,0.09,0.07,0.06,0.05,0.06,0.06,0.06,0.05,0.06,0.05,0.05,0.05,0.04,0.04,0.04,0.03,0.03,0.03,0.03,0.03,0.03,0.03,0.02,0.02,0.02,0.02,0.02,0.02,0.02,0.02,0.02,0.02,0.02,0.02,0.01,0.02,0.02,0.02,0.01,0.01
20160103,091546,780,720,0,0.01,0.01,0.01,0.01,0.01,0.01,0.01,0.01,0.01,0.01,0.01,0.01,0.01,0.01,0.01,0.01,0.01,0.01,0.01,0.01,0.01,0.01,0.01,0.01,0.01,0.01,0.01,0.01,0.01,0.01,0.01,0.01,0.01,0.01,0.01,0.01,0.01,0.01,0.01,0.01,0.01,0.01,0.01,0.01,0.01,0.01,0.01,0.01,0.01,0.01,0.01,0.01,0.01,0.01,0.02,0.01,0.01,0.01,0.01,0.01,0.01,0.01,0.01,0.01,0.02,-0.03,0.05,-0.05,0.08,-0.01,0.09,0.04,0.07,0.06,0.13,0.22,0.31,0.34,0.29,0.17,0.06,-0.01,-0.02,0.01,0.07,0.11,0.13,0.12,0.10,0.08,0.07,0.06,0.06,0.06,0.07,0.07,0.07,0.06,0.06,0.05,0.05,0.04,0.04,0.04,0.04,0.04,0.04,0.03,0.03,0.03,0.03,0.03,0.03,0.02,0.02,0.02,0.02,0.02,0.02,0.02,0.02,0.02,0.02,0.02,0.02,0.01,0.01,0.01
20160103,091546,780,720,0,0.01,0.00,0.01,0.01,0.01,0.01,0.01,0.01,0.01,0.01,0.01,0.01,0.01,0.01,0.01,0.01,0.01,0.01,0.01,0.01,0.01,0.01,0.01,0.01,0.01,0.01,0.01,0.01,0.01,0.01,0.01,0.01,0.01,0.01,0.01,0.01,0.01,0.01,0.01,0.01,0.01,0.01,0.01,0.01,0.01,0.01,0.01,0.01,0.01,0.01,0.01,0.01,0.01,0.01,0.01,0.01,0.01,0.01,0.01,0.01,0.01,0.01,0.01,0.01,-0.08,0.05,-0.04,0.08,0.01,0.07,0.05,0.06,0.05,0.07,0.14,0.22,0.30,0.31,0.24,0.14,0.04,-0.01,-0.01,0.02,0.07,0.10,0.12,0.11,0.09,0.07,0.06,0.06,0.06,0.06,0.06,0.06,0.06,0.06,0.06,0.05,0.04,0.04,0.04,0.04,0.04,0.03,0.03,0.03,0.03,0.03,0.03,0.02,0.02,0.02,0.02,0.02,0.02,0.02,0.02,0.02,0.02,0.02,0.02,0.02,0.02,0.02,0.01,0.01
20160103,091547,780,720,0,0.01,0.01,0.01,0.01,0.01,0.01,0.01,0.01,0.01,0.01,0.01,0.01,0.01,0.01,0.01,0.01,0.01,0.01,0.01,0.01,0.01,0.01,0.01,0.01,0.01,0.01,0.01,0.01,0.01,0.01,0.01,0.01,0.01,0.01,0.01,0.01,0.01,0.01,0.01,0.01,0.01,0.01,0.01,0.01,0.01,0.01,0.01,0.01,0.01,0.01,0.01,0.01,0.01,0.01,0.01,0.01,0.01,0.01,0.01,0.01,0.01,0.01,0.01,0.01,-0.02,-0.02,-0.01,-0.02,0.00,0.04,0.06,0.06,0.05,0.06,0.12,0.21,0.30,0.33,0.27,0.16,0.06,-0.01,-0.02,0.01,0.07,0.10,0.12,0.11,0.09,0.08,0.07,0.06,0.06,0.06,0.06,0.06,0.07,0.06,0.05,0.05,0.04,0.04,0.04,0.04,0.04,0.03,0.03,0.03,0.03,0.03,0.02,0.02,0.02,0.02,0.02,0.02,0.02,0.02,0.02,0.02,0.02,0.02,0.01,0.02,0.02,0.01,0.01,0.01
20160103,091547,780,720,0,0.01,0.01,0.01,0.01,0.01,0.01,0.01,0.01,0.01,0.01,0.01,0.01,0.01,0.01,0.01,0.01,0.01,0.01,0.01,0.01,0.01,0.01,0.01,0.01,0.01,0.01,0.01,0.01,0.01,0.01,0.01,0.01,0.01,0.01,0.01,0.01,0.01,0.01,0.01,0.01,0.01,0.01,0.01,0.01,0.01,0.01,0.01,0.01,0.01,0.01,0.01,0.01,0.01,0.01,0.01,0.01,0.01,0.01,0.01,0.01,0.01,0.01,0.01,0.05,0.01,-0.05,0.02,0.00,0.04,0.04,0.06,0.06,0.05,0.09,0.15,0.25,0.32,0.32,0.24,0.12,0.03,-0.02,-0.01,0.04,0.09,0.11,0.12,0.11,0.09,0.07,0.06,0.06,0.06,0.06,0.06,0.06,0.06,0.06,0.05,0.05,0.04,0.04,0.04,0.04,0.04,0.04,0.03,0.03,0.03,0.03,0.03,0.03,0.02,0.02,0.02,0.02,0.02,0.02,0.02,0.01,0.02,0.02,0.02,0.01,0.01,0.01,0.01,0.02
20160103,091548,780,720,0,0.01,0.01,0.00,0.00,0.01,0.01,0.01,0.01,0.01,0.01,0.01,0.01,0.01,0.01,0.01,0.01,0.01,0.01,0.01,0.01,0.01,0.01,0.01,0.01,0.01,0.01,0.01,0.01,0.01,0.01,0.01,0.01,0.01,0.01,0.01,0.01,0.01,0.01,0.01,0.01,0.01,0.01,0.01,0.01,0.01,0.01,0.01,0.01,0.01,0.01,0.01,0.01,0.01,0.01,0.01,0.01,0.01,0.01,0.01,0.01,0.01,0.01,0.01,0.00,-0.02,-0.05,-0.00,0.03,0.03,0.07,0.05,0.05,0.06,0.09,0.17,0.26,0.32,0.29,0.20,0.09,0.01,-0.02,0.00,0.04,0.09,0.11,0.11,0.10,0.08,0.07,0.06,0.06,0.06,0.06,0.06,0.06,0.06,0.06,0.05,0.04,0.04,0.04,0.04,0.04,0.04,0.03,0.03,0.03,0.03,0.03,0.03,0.02,0.02,0.02,0.02,0.02,0.02,0.02,0.02,0.02,0.02,0.01,0.02,0.01,0.02,0.02,0.01,0.01
20160103,091548,780,720,0,0.01,0.01,0.01,0.01,0.01,0.01,0.01,0.01,0.01,0.01,0.01,0.01,0.01,0.01,0.01,0.01,0.01,0.01,0.01,0.01,0.01,0.01,0.01,0.01,0.01,0.01,0.01,0.01,0.01,0.01,0.01,0.01,0.01,0.01,0.01,0.01,0.01,0.01,0.01,0.01,0.01,0.01,0.01,0.01,0.01,0.01,0.01,0.01,0.01,0.01,0.01,0.01,0.01,0.01,0.01,0.01,0.01,0.01,0.01,0.01,0.01,0.01,0.01,-0.00,-0.04,0.01,0.02,0.02,0.03,0.04,0.05,0.06,0.05,0.09,0.15,0.25,0.31,0.32,0.24,0.13,0.03,-0.02,-0.01,0.03,0.08,0.12,0.12,0.11,0.09,0.07,0.07,0.06,0.06,0.06,0.07,0.07,0.06,0.06,0.06,0.05,0.05,0.04,0.04,0.04,0.04,0.04,0.03,0.03,0.03,0.03,0.03,0.03,0.02,0.02,0.02,0.02,0.02,0.02,0.02,0.02,0.01,0.02,0.02,0.02,0.01,0.02,0.01,0.01
20160103,091549,780,720,0,0.01,0.01,0.01,0.01,0.01,0.01,0.01,0.01,0.01,0.01,0.01,0.01,0.01,0.01,0.01,0.01,0.01,0.01,0.01,0.01,0.01,0.01,0.01,0.01,0.01,0.01,0.01,0.01,0.01,0.01,0.01,0.01,0.01,0.01,0.01,0.01,0.01,0.01,0.01,0.01,0.01,0.01,0.01,0.01,0.01,0.01,0.01,0.01,0.01,0.01,0.01,0.01,0.01,0.01,0.01,0.01,0.01,0.01,0.01,0.01,0.01,0.01,0.01,0.01,-0.05,0.02,-0.00,0.04,0.01,0.07,0.04,0.07,0.04,0.08,0.14,0.24,0.31,0.32,0.24,0.13,0.03,-0.02,-0.01,0.03,0.08,0.11,0.12,0.11,0.09,0.07,0.06,0.06,0.06,0.06,0.07,0.07,0.07,0.06,0.05,0.05,0.04,0.04,0.04,0.03,0.03,0.04,0.03,0.04,0.03,0.03,0.02,0.03,0.02,0.02,0.02,0.02,0.02,0.02,0.02,0.02,0.02,0.02,0.01,0.02,0.01,0.02,0.01,0.01
20160103,091549,780,720,0,0.01,0.01,0.01,0.01,0.01,0.01,0.01,0.01,0.01,0.01,0.01,0.01,0.01,0.01,0.01,0.01,0.01,0.01,0.01,0.01,0.01,0.01,0.01,0.01,0.01,0.01,0.01,0.01,0.01,0.01,0.01,0.01,0.01,0.01,0.01,0.01,0.01,0.01,0.01,0.01,0.01,0.01,0.01,0.01,0.01,0.01,0.01,0.01,0.01,0.01,0.01,0.01,0.01,0.01,0.01,0.01,0.01,0.01,0.01,0.01,0.01,0.01,0.01,-0.01,0.02,-0.08,0.05,-0.04,0.07,0.02,0.07,0.05,0.05,0.08,0.15,0.25,0.31,0.31,0.22,0.11,0.02,-0.02,-0.01,0.04,0.08,0.11,0.12,0.10,0.08,0.07,0.06,0.06,0.06,0.06,0.06,0.07,0.06,0.06,0.05,0.05,0.04,0.04,0.04,0.03,0.03,0.03,0.03,0.03,0.03,0.02,0.02,0.02,0.02,0.02,0.02,0.02,0.02,0.02,0.02,0.02,0.02,0.01,0.01,0.01,0.02,0.01,0.01,0.01
20160103,091550,780,720,0,0.01,0.01,0.01,0.01,0.01,0.01,0.01,0.01,0.01,0.01,0.01,0.01,0.01,0.01,0.01,0.01,0.01,0.01,0.01,0.01,0.01,0.01,0.01,0.01,0.01,0.01,0.01,0.01,0.01,0.01,0.01,0.01,0.01,0.01,0.01,0.01,0.01,0.01,0.01,0.01,0.01,0.01,0.01,0.01,0.01,0.01,0.01,0.01,0.01,0.01,0.01,0.01,0.01,0.01,0.01,0.01,0.01,0.01,0.01,0.01,0.01,0.01,0.01,0.00,0.02,-0.09,0.05,-0.03,0.07,0.04,0.07,0.05,0.06,0.10,0.19,0.29,0.35,0.32,0.22,0.10,0.01,-0.02,0.00,0.05,0.10,0.13,0.13,0.11,0.09,0.07,0.07,0.06,0.07,0.07,0.07,0.07,0.07,0.06,0.06,0.05,0.04,0.05,0.04,0.04,0.04,0.04,0.04,0.03,0.03,0.03,0.02,0.03,0.02,0.03,0.02,0.02,0.02,0.02,0.02,0.02,0.02,0.02,0.01,0.02,0.02,0.02,0.02,0.01
20160103,091550,780,720,0,0.01,0.01,0.01,0.01,0.01,0.01,0.01,0.01,0.01,0.01,0.01,0.01,0.01,0.01,0.01,0.01,0.01,0.01,0.01,0.01,0.01,0.01,0.01,0.01,0.01,0.01,0.01,0.01,0.01,0.01,0.01,0.01,0.01,0.01,0.01,0.01,0.01,0.01,0.01,0.01,0.02,0.01,0.01,0.01,0.01,0.01,0.01,0.01,0.01,0.01,0.01,0.01,0.01,0.01,0.01,0.01,0.01,0.01,0.01,0.01,0.01,0.01,0.01,0.01,-0.08,-0.00,-0.06,0.06,-0.02,0.08,0.03,0.07,0.05,0.08,0.14,0.24,0.33,0.33,0.26,0.15,0.04,-0.02,-0.02,0.03,0.08,0.12,0.12,0.11,0.09,0.08,0.07,0.06,0.06,0.06,0.06,0.07,0.07,0.06,0.06,0.05,0.05,0.04,0.04,0.04,0.04,0.04,0.03,0.03,0.03,0.03,0.03,0.03,0.02,0.02,0.02,0.02,0.02,0.02,0.02,0.02,0.02,0.02,0.02,0.02,0.02,0.01,0.01,0.02
20160103,091551,780,720,0,0.01,0.01,0.01,0.01,0.01,0.01,0.01,0.01,0.01,0.01,0.01,0.01,0.01,0.01,0.01,0.01,0.01,0.01,0.01,0.01,0.01,0.01,0.01,0.01,0.01,0.01,0.01,0.01,0.01,0.01,0.01,0.01,0.01,0.01,0.01,0.01,0.01,0.01,0.01,0.01,0.01,0.01,0.01,0.01,0.01,0.01,0.01,0.01,0.01,0.01,0.01,0.01,0.01,0.01,0.01,0.01,0.01,0.01,0.01,0.01,0.01,0.01,0.01,0.01,-0.04,0.02,-0.01,0.05,0.00,0.07,0.04,0.07,0.04,0.08,0.14,0.24,0.31,0.32,0.24,0.13,0.04,-0.02,-0.01,0.03,0.07,0.10,0.12,0.10,0.09,0.07,0.06,0.06,0.06,0.06,0.06,0.06,0.06,0.06,0.05,0.05,0.04,0.04,0.04,0.03,0.04,0.03,0.03,0.03,0.03,0.02,0.02,0.02,0.02,0.02,0.02,0.02,0.02,0.02,0.02,0.02,0.02,0.02,0.01,0.01,0.02,0.02,0.02,0.01
20160103,091551,780,720,0,0.01,0.01,0.01,0.01,0.01,0.01,0.01,0.01,0.01,0.01,0.01,0.01,0.01,0.01,0.01,0.01,0.01,0.01,0.01,0.01,0.01,0.01,0.01,0.01,0.01,0.01,0.01,0.01,0.01,0.01,0.01,0.01,0.01,0.01,0.01,0.01,0.01,0.01,0.01,0.01,0.01,0.01,0.01,0.01,0.01,0.01,0.01,0.01,0.01,0.01,0.01,0.01,0.01,0.01,0.01,0.01,0.01,0.01,0.01,0.01,0.01,0.01,0.01,0.02,0.02,-0.08,0.05,-0.02,0.07,0.04,0.07,0.05,0.06,0.09,0.17,0.26,0.31,0.30,0.21,0.10,0.02,-0.02,0.00,0.05,0.08,0.11,0.11,0.10,0.08,0.07,0.06,0.06,0.06,0.06,0.07,0.06,0.06,0.06,0.05,0.05,0.04,0.04,0.04,0.04,0.04,0.03,0.03,0.03,0.03,0.03,0.02,0.03,0.02,0.02,0.02,0.02,0.02,0.02,0.02,0.02,0.02,0.02,0.02,0.02,0.01,0.02,0.01,0.02
20160103,091552,780,720,0,0.01,0.01,0.01,0.01,0.01,0.01,0.01,0.01,0.01,0.01,0.01,0.01,0.01,0.01,0.01,0.01,0.01,0.01,0.01,0.01,0.01,0.01,0.01,0.01,0.01,0.01,0.01,0.01,0.01,0.01,0.01,0.01,0.01,0.01,0.01,0.01,0.01,0.01,0.01,0.01,0.01,0.01,0.01,0.01,0.01,0.01,0.01,0.01,0.01,0.01,0.01,0.01,0.01,0.01,0.01,0.01,0.01,0.01,0.01,0.01,0.01,0.01,0.01,0.01,0.02,-0.04,0.05,-0.05,0.08,-0.01,0.09,0.04,0.07,0.06,0.13,0.22,0.31,0.35,0.29,0.18,0.07,-0.00,-0.02,0.02,0.07,0.11,0.13,0.12,0.10,0.09,0.07,0.06,0.06,0.07,0.07,0.07,0.07,0.06,0.06,0.06,0.05,0.04,0.04,0.04,0.04,0.04,0.04,0.03,0.03,0.03,0.03,0.03,0.02,0.02,0.02,0.02,0.02,0.02,0.02,0.02,0.02,0.02,0.02,0.02,0.02,0.01,0.02,0.02
20160103,091552,780,720,0,0.01,0.01,0.01,0.01,0.01,0.01,0.01,0.01,0.01,0.01,0.01,0.01,0.01,0.01,0.01,0.01,0.01,0.01,0.01,0.01,0.01,0.01,0.01,0.01,0.01,0.01,0.01,0.01,0.01,0.01,0.01,0.01,0.01,0.01,0.01,0.01,0.01,0.01,0.01,0.01,0.01,0.01,0.01,0.01,0.01,0.01,0.01,0.01,0.01,0.01,0.01,0.01,0.01,0.01,0.01,0.01,0.01,0.01,0.01,0.01,0.01,0.01,0.01,0.03,-0.05,-0.01,-0.02,0.07,0.00,0.08,0.04,0.06,0.06,0.11,0.19,0.28,0.32,0.28,0.19,0.07,0.00,-0.02,0.01,0.06,0.09,0.12,0.11,0.10,0.08,0.07,0.06,0.06,0.06,0.06,0.06,0.06,0.06,0.06,0.05,0.05,0.04,0.04,0.04,0.04,0.04,0.03,0.03,0.03,0.03,0.03,0.03,0.02,0.02,0.02,0.02,0.02,0.02,0.02,0.02,0.02,0.02,0.02,0.02,0.01,0.01,0.01,0.02,0.01
20160103,091553,780,720,0,0.01,0.01,0.01,0.01,0.01,0.01,0.01,0.01,0.01,0.01,0.01,0.01,0.01,0.01,0.01,0.01,0.01,0.01,0.01,0.01,0.01,0.01,0.01,0.01,0.01,0.01,0.01,0.01,0.01,0.01,0.01,0.01,0.01,0.01,0.01,0.01,0.01,0.01,0.01,0.01,0.01,0.01,0.01,0.01,0.01,0.01,0.01,0.01,0.01,0.01,0.01,0.01,0.01,0.01,0.01,0.01,0.01,0.01,0.01,0.01,0.01,0.01,0.01,0.01,-0.03,-0.02,-0.01,-0.01,0.00,0.04,0.05,0.06,0.06,0.07,0.15,0.24,0.34,0.36,0.29,0.17,0.05,-0.02,-0.02,0.02,0.08,0.12,0.13,0.12,0.10,0.08,0.07,0.07,0.07,0.07,0.07,0.07,0.07,0.07,0.06,0.05,0.05,0.04,0.04,0.04,0.04,0.04,0.04,0.03,0.03,0.03,0.03,0.03,0.02,0.02,0.02,0.02,0.02,0.02,0.02,0.02,0.02,0.02,0.02,0.02,0.02,0.01,0.01,0.02
20160103,091553,780,720,0,0.01,0.01,0.01,0.01,0.01,0.01,0.01,0.01,0.01,0.01,0.01,0.01,0.01,0.01,0.01,0.01,0.01,0.01,0.01,0.01,0.01,0.01,0.01,0.01,0.01,0.01,0.01,0.01,0.01,0.01,0.01,0.01,0.01,0.01,0.01,0.01,0.01,0.01,0.01,0.01,0.01,0.01,0.01,0.01,0.01,0.01,0.01,0.01,0.01,0.01,0.01,0.01,0.01,0.01,0.01,0.01,0.01,0.01,0.01,0.01,0.01,0.01,0.01,0.00,0.01,-0.02,0.02,0.00,0.05,0.03,0.06,0.06,0.05,0.09,0.16,0.26,0.33,0.32,0.24,0.12,0.03,-0.02,-0.00,0.04,0.09,0.12,0.13,0.11,0.09,0.07,0.07,0.06,0.07,0.07,0.07,0.07,0.07,0.06,0.06,0.05,0.05,0.04,0.04,0.04,0.04,0.04,0.03,0.03,0.03,0.03,0.03,0.03,0.02,0.02,0.02,0.02,0.02,0.02,0.02,0.02,0.02,0.02,0.02,0.01,0.02,0.01,0.02,0.01
20160103,091554,780,720,0,0.01,0.01,0.01,0.01,0.01,0.01,0.01,0.01,0.01,0.01,0.01,0.01,0.01,0.01,0.01,0.01,0.01,0.01,0.01,0.01,0.01,0.01,0.01,0.01,0.01,0.01,0.01,0.01,0.01,0.01,0.01,0.01,0.01,0.01,0.01,0.01,0.01,0.01,0.01,0.01,0.01,0.01,0.01,0.01,0.01,0.01,0.01,0.01,0.01,0.01,0.01,0.01,0.01,0.01,0.01,0.01,0.01,0.01,0.01,0.01,0.01,0.01,0.01,-0.03,-0.06,0.02,-0.05,0.07,-0.01,0.09,0.04,0.07,0.06,0.12,0.20,0.30,0.33,0.29,0.19,0.07,-0.00,-0.02,0.01,0.06,0.10,0.12,0.12,0.10,0.08,0.07,0.06,0.06,0.06,0.06,0.07,0.07,0.06,0.06,0.05,0.05,0.04,0.04,0.04,0.04,0.04,0.03,0.03,0.03,0.03,0.03,0.03,0.02,0.02,0.02,0.02,0.02,0.02,0.02,0.02,0.02,0.02,0.02,0.02,0.02,0.01,0.02,0.01,0.02
20160103,091554,780,720,0,0.01,0.01,0.01,0.01,0.01,0.01,0.01,0.01,0.01,0.01,0.01,0.01,0.01,0.01,0.01,0.01,0.01,0.01,0.01,0.01,0.01,0.01,0.01,0.01,0.01,0.01,0.01,0.01,0.01,0.01,0.01,0.01,0.01,0.01,0.01,0.01,0.01,0.01,0.01,0.01,0.01,0.01,0.01,0.01,0.01,0.01,0.01,0.01,0.01,0.01,0.01,0.01,0.01,0.01,0.01,0.01,0.01,0.01,0.01,0.01,0.01,0.01,0.01,0.01,-0.05,0.03,0.00,0.02,0.03,0.04,0.06,0.06,0.05,0.08,0.15,0.24,0.31,0.31,0.23,0.12,0.02,-0.02,-0.01,0.03,0.08,0.11,0.12,0.10,0.09,0.07,0.06,0.06,0.06,0.06,0.06,0.06,0.06,0.06,0.05,0.04,0.04,0.04,0.04,0.04,0.03,0.03,0.03,0.03,0.03,0.03,0.03,0.02,0.02,0.02,0.02,0.02,0.02,0.02,0.02,0.02,0.02,0.02,0.02,0.01,0.02,0.01,0.02,0.01
20160103,091555,780,720,0,0.01,0.01,0.01,0.01,0.01,0.01,0.01,0.01,0.01,0.01,0.01,0.01,0.01,0.01,0.01,0.01,0.01,0.01,0.01,0.01,0.01,0.01,0.01,0.01,0.01,0.01,0.01,0.01,0.01,0.01,0.01,0.01,0.01,0.01,0.01,0.01,0.01,0.01,0.01,0.01,0.01,0.01,0.01,0.01,0.01,0.01,0.01,0.01,0.01,0.01,0.01,0.01,0.01,0.01,0.01,0.01,0.01,0.01,0.01,0.01,0.01,0.01,0.01,-0.01,0.01,-0.08,0.04,-0.03,0.07,0.03,0.07,0.05,0.05,0.09,0.16,0.26,0.32,0.32,0.24,0.13,0.03,-0.02,-0.01,0.04,0.09,0.11,0.12,0.11,0.09,0.08,0.07,0.06,0.06,0.07,0.07,0.07,0.07,0.06,0.06,0.05,0.05,0.04,0.04,0.04,0.04,0.04,0.03,0.03,0.03,0.03,0.03,0.03,0.02,0.03,0.02,0.02,0.02,0.02,0.02,0.02,0.01,0.02,0.02,0.02,0.01,0.01,0.01,0.02
20160103,091555,780,720,0,0.01,0.01,0.01,0.01,0.01,0.01,0.01,0.01,0.01,0.01,0.01,0.01,0.01,0.01,0.01,0.01,0.01,0.01,0.01,0.01,0.01,0.01,0.01,0.01,0.01,0.01,0.01,0.01,0.01,0.01,0.01,0.01,0.01,0.01,0.01,0.01,0.01,0.01,0.01,0.01,0.01,0.01,0.01,0.01,0.01,0.01,0.01,0.01,0.01,0.01,0.01,0.01,0.01,0.01,0.01,0.01,0.01,0.01,0.01,0.01,0.01,0.01,0.01,0.01,-0.07,0.01,-0.04,0.02,-0.00,0.06,0.05,0.06,0.05,0.07,0.14,0.24,0.33,0.34,0.28,0.16,0.05,-0.02,-0.02,0.02,0.07,0.11,0.13,0.12,0.10,0.08,0.06,0.06,0.06,0.06,0.07,0.07,0.06,0.06,0.06,0.06,0.05,0.04,0.04,0.04,0.04,0.04,0.04,0.03,0.03,0.03,0.03,0.03,0.02,0.02,0.02,0.02,0.02,0.02,0.02,0.02,0.02,0.02,0.02,0.02,0.02,0.02,0.02,0.01
20160103,091556,780,710,0,0.01,0.01,0.01,0.01,0.01,0.01,0.01,0.01,0.01,0.01,0.01,0.01,0.01,0.01,0.01,0.01,0.01,0.01,0.01,0.01,0.01,0.01,0.01,0.01,0.01,0.01,0.01,0.01,0.01,0.01,0.01,0.01,0.01,0.01,0.01,0.01,0.01,0.01,0.01,0.01,0.01,0.01,0.01,0.01,0.01,0.01,0.01,0.01,0.01,0.01,0.01,0.01,0.01,0.01,0.01,0.01,0.01,0.01,0.01,0.01,0.01,0.01,0.01,0.02,0.03,-0.07,0.06,-0.04,0.07,0.02,0.07,0.05,0.04,0.06,0.11,0.19,0.26,0.28,0.23,0.13,0.04,-0.01,-0.01,0.02,0.06,0.10,0.11,0.10,0.08,0.07,0.06,0.06,0.05,0.05,0.05,0.06,0.06,0.05,0.05,0.04,0.04,0.03,0.04,0.03,0.03,0.03,0.03,0.03,0.03,0.03,0.02,0.02,0.02,0.02,0.02,0.02,0.02,0.02,0.02,0.02,0.02,0.02,0.02,0.02,0.01,0.01,0.01,0.01
20160103,091556,780,710,0,0.01,0.01,0.01,0.01,0.01,0.01,0.01,0.01,0.01,0.01,0.01,0.01,0.01,0.01,0.01,0.01,0.01,0.01,0.01,0.01,0.01,0.01,0.01,0.01,0.01,0.01,0.01,0.01,0.01,0.01,0.01,0.01,0.01,0.01,0.01,0.01,0.01,0.01,0.01,0.01,0.01,0.01,0.01,0.01,0.01,0.01,0.01,0.01,0.01,0.01,0.01,0.01,0.01,0.01,0.01,0.01,0.01,0.01,0.01,0.01,0.01,0.01,0.01,0.00,-0.01,-0.08,0.01,0.01,0.05,0.05,0.06,0.04,0.05,0.07,0.14,0.22,0.29,0.29,0.21,0.11,0.02,-0.02,-0.01,0.03,0.07,0.10,0.11,0.10,0.08,0.07,0.06,0.05,0.05,0.06,0.06,0.06,0.06,0.05,0.05,0.04,0.04,0.04,0.03,0.03,0.03,0.03,0.03,0.03,0.03,0.02,0.02,0.02,0.02,0.02,0.02,0.02,0.02,0.02,0.02,0.02,0.01,0.02,0.01,0.01,0.01,0.02,0.01,0.01
20160103,091557,780,710,0,0.01,0.01,0.01,0.01,0.01,0.01,0.01,0.01,0.01,0.01,0.01,0.01,0.01,0.01,0.01,0.01,0.01,0.01,0.01,0.01,0.01,0.01,0.01,0.01,0.01,0.01,0.01,0.01,0.01,0.01,0.01,0.01,0.01,0.01,0.01,0.01,0.01,0.01,0.01,0.01,0.01,0.01,0.01,0.01,0.01,0.01,0.01,0.01,0.01,0.01,0.01,0.01,0.01,0.01,0.01,0.01,0.01,0.01,0.01,0.01,0.01,0.01,0.01,0.01,-0.03,-0.02,-0.01,-0.01,0.00,0.05,0.05,0.06,0.05,0.05,0.11,0.19,0.29,0.33,0.29,0.19,0.07,-0.00,-0.02,0.00,0.06,0.10,0.11,0.11,0.10,0.08,0.07,0.06,0.06,0.06,0.06,0.07,0.06,0.06,0.05,0.05,0.05,0.04,0.04,0.04,0.04,0.03,0.03,0.03,0.03,0.03,0.02,0.03,0.02,0.03,0.02,0.02,0.02,0.02,0.02,0.02,0.02,0.02,0.02,0.02,0.01,0.02,0.01,0.02
20160103,091557,780,710,0,0.01,0.01,0.01,0.01,0.01,0.01,0.01,0.01,0.01,0.01,0.01,0.01,0.01,0.01,0.01,0.01,0.01,0.01,0.01,0.01,0.01,0.01,0.01,0.01,0.01,0.01,0.01,0.01,0.01,0.01,0.01,0.01,0.01,0.01,0.01,0.01,0.01,0.01,0.01,0.01,0.01,0.01,0.01,0.01,0.01,0.01,0.01,0.01,0.01,0.01,0.01,0.01,0.01,0.01,0.01,0.01,0.01,0.01,0.01,0.01,0.01,0.01,0.01,-0.01,-0.03,0.00,0.02,0.02,0.04,0.04,0.06,0.06,0.04,0.07,0.13,0.22,0.30,0.31,0.24,0.14,0.04,-0.01,-0.01,0.02,0.07,0.10,0.11,0.10,0.09,0.07,0.06,0.06,0.06,0.06,0.06,0.06,0.06,0.06,0.05,0.05,0.04,0.04,0.04,0.04,0.03,0.04,0.03,0.03,0.03,0.03,0.03,0.02,0.02,0.02,0.02,0.02,0.02,0.02,0.02,0.02,0.02,0.02,0.02,0.02,0.02,0.01,0.01,0.01
20160103,091558,780,710,0,0.01,0.01,0.01,0.01,0.01,0.01,0.01,0.01,0.01,0.01,0.01,0.01,0.01,0.01,0.01,0.01,0.01,0.01,0.01,0.01,0.01,0.01,0.01,0.01,0.01,0.01,0.01,0.01,0.01,0.01,0.01,0.01,0.01,0.01,0.01,0.01,0.01,0.01,0.01,0.01,0.01,0.01,0.01,0.01,0.01,0.01,0.01,0.01,0.01,0.01,0.01,0.01,0.01,0.01,0.01,0.01,0.01,0.01,0.01,0.01,0.01,0.01,0.01,0.01,-0.04,0.03,-0.00,0.05,0.01,0.07,0.04,0.07,0.04,0.07,0.11,0.21,0.28,0.30,0.24,0.15,0.05,-0.01,-0.01,0.02,0.07,0.10,0.12,0.10,0.09,0.07,0.06,0.06,0.06,0.06,0.06,0.06,0.06,0.06,0.05,0.05,0.04,0.04,0.04,0.04,0.03,0.03,0.03,0.03,0.03,0.03,0.02,0.02,0.02,0.02,0.02,0.02,0.02,0.02,0.02,0.02,0.01,0.02,0.01,0.02,0.02,0.01,0.01,0.01
20160103,091558,780,710,0,0.01,0.01,0.01,0.01,0.01,0.01,0.01,0.01,0.01,0.01,0.01,0.01,0.01,0.01,0.01,0.01,0.01,0.01,0.01,0.01,0.01,0.01,0.01,0.01,0.01,0.01,0.01,0.01,0.01,0.01,0.01,0.01,0.01,0.01,0.01,0.01,0.01,0.01,0.01,0.01,0.01,0.01,0.01,0.01,0.01,0.01,0.01,0.01,0.01,0.01,0.01,0.01,0.01,0.01,0.01,0.01,0.01,0.01,0.01,0.01,0.01,0.01,0.01,0.05,0.01,-0.02,-0.01,0.04,0.02,0.07,0.05,0.05,0.05,0.07,0.14,0.22,0.28,0.27,0.20,0.10,0.02,-0.01,0.00,0.04,0.07,0.10,0.10,0.09,0.08,0.06,0.06,0.05,0.05,0.06,0.06,0.06,0.06,0.05,0.05,0.04,0.04,0.04,0.04,0.03,0.03,0.03,0.03,0.03,0.03,0.03,0.02,0.02,0.02,0.02,0.02,0.02,0.02,0.01,0.02,0.02,0.02,0.02,0.02,0.01,0.02,0.01,0.02,0.01
20160103,091559,780,710,0,0.01,0.01,0.01,0.01,0.01,0.01,0.01,0.01,0.01,0.01,0.01,0.01,0.01,0.01,0.01,0.01,0.01,0.01,0.01,0.01,0.01,0.01,0.01,0.01,0.01,0.01,0.01,0.01,0.01,0.01,0.01,0.01,0.01,0.01,0.01,0.01,0.01,0.01,0.01,0.01,0.01,0.01,0.01,0.01,0.01,0.01,0.01,0.01,0.01,0.01,0.01,0.01,0.01,0.01,0.01,0.01,0.01,0.01,0.01,0.01,0.01,0.01,0.01,0.01,-0.09,0.05,-0.04,0.09,-0.01,0.09,0.03,0.07,0.04,0.07,0.12,0.21,0.30,0.32,0.27,0.16,0.06,-0.01,-0.02,0.02,0.07,0.10,0.12,0.11,0.09,0.07,0.07,0.06,0.06,0.06,0.06,0.06,0.06,0.06,0.06,0.05,0.05,0.04,0.04,0.04,0.04,0.04,0.03,0.03,0.03,0.03,0.02,0.03,0.02,0.02,0.02,0.02,0.02,0.02,0.02,0.02,0.01,0.02,0.02,0.02,0.01,0.01,0.01,0.01
20160103,091559,780,710,0,0.01,0.01,0.01,0.00,0.01,0.01,0.01,0.01,0.01,0.01,0.01,0.01,0.01,0.01,0.01,0.01,0.01,0.01,0.01,0.01,0.01,0.01,0.01,0.01,0.01,0.01,0.01,0.01,0.01,0.01,0.01,0.01,0.01,0.01,0.01,0.01,0.01,0.01,0.01,0.01,0.01,0.01,0.01,0.01,0.01,0.01,0.01,0.01,0.01,0.01,0.01,0.01,0.01,0.01,0.01,0.01,0.01,0.01,0.01,0.01,0.01,0.01,0.01,0.02,-0.08,0.06,-0.05,0.08,-0.02,0.09,0.03,0.07,0.04,0.07,0.10,0.19,0.27,0.30,0.26,0.16,0.06,0.00,-0.01,0.01,0.06,0.10,0.11,0.11,0.09,0.07,0.06,0.06,0.06,0.06,0.06,0.06,0.06,0.06,0.05,0.05,0.04,0.04,0.04,0.04,0.04,0.04,0.03,0.03,0.02,0.03,0.03,0.03,0.02,0.02,0.02,0.02,0.02,0.02,0.02,0.02,0.02,0.01,0.01,0.02,0.02,0.02,0.01,0.01
20160103,091600,780,710,0,0.01,0.01,0.01,0.01,0.01,0.01,0.01,0.01,0.01,0.01,0.01,0.01,0.01,0.01,0.01,0.01,0.01,0.01,0.01,0.01,0.01,0.01,0.01,0.01,0.01,0.01,0.01,0.01,0.01,0.01,0.01,0.01,0.01,0.01,0.01,0.01,0.01,0.01,0.01,0.01,0.01,0.01,0.01,0.01,0.01,0.01,0.01,0.01,0.01,0.01,0.01,0.01,0.01,0.01,0.01,0.01,0.01,0.01,0.01,0.01,0.01,0.01,0.01,-0.00,-0.03,0.02,0.01,0.03,0.02,0.05,0.04,0.06,0.04,0.07,0.13,0.23,0.30,0.32,0.25,0.14,0.04,-0.01,-0.02,0.02,0.07,0.10,0.12,0.11,0.09,0.07,0.06,0.06,0.06,0.06,0.06,0.06,0.06,0.06,0.05,0.05,0.04,0.04,0.04,0.04,0.04,0.03,0.03,0.03,0.03,0.03,0.03,0.02,0.02,0.02,0.02,0.02,0.02,0.02,0.02,0.02,0.02,0.02,0.02,0.02,0.02,0.02,0.01,0.01
20160103,091600,780,710,0,0.01,0.01,0.01,0.01,0.01,0.01,0.01,0.01,0.01,0.01,0.01,0.01,0.01,0.01,0.01,0.01,0.01,0.01,0.01,0.01,0.01,0.01,0.01,0.01,0.01,0.01,0.01,0.01,0.01,0.01,0.01,0.01,0.01,0.01,0.01,0.01,0.01,0.01,0.01,0.01,0.01,0.01,0.01,0.01,0.01,0.01,0.01,0.01,0.01,0.01,0.01,0.01,0.01,0.01,0.01,0.01,0.01,0.01,0.01,0.01,0.01,0.01,0.01,0.01,-0.07,0.03,-0.04,0.07,-0.02,0.09,0.02,0.07,0.03,0.07,0.11,0.20,0.29,0.32,0.27,0.17,0.06,-0.01,-0.02,0.01,0.06,0.10,0.12,0.11,0.09,0.07,0.06,0.06,0.06,0.06,0.06,0.06,0.06,0.06,0.06,0.05,0.04,0.04,0.04,0.04,0.04,0.04,0.03,0.03,0.03,0.03,0.03,0.03,0.02,0.02,0.02,0.01,0.02,0.02,0.02,0.01,0.01,0.02,0.02,0.02,0.02,0.01,0.01,0.01
20160103,091601,780,710,0,0.01,0.01,0.01,0.01,0.01,0.01,0.01,0.00,0.01,0.01,0.01,0.01,0.01,0.01,0.01,0.01,0.01,0.01,0.01,0.01,0.01,0.01,0.01,0.01,0.01,0.01,0.01,0.01,0.01,0.01,0.01,0.01,0.01,0.01,0.01,0.01,0.01,0.01,0.01,0.01,0.01,0.01,0.01,0.01,0.01,0.01,0.01,0.01,0.01,0.01,0.01,0.01,0.01,0.01,0.01,0.01,0.01,0.01,0.01,0.01,0.01,0.01,0.01,0.01,-0.05,0.03,-0.01,0.05,0.01,0.06,0.04,0.06,0.04,0.06,0.11,0.19,0.27,0.29,0.24,0.15,0.05,-0.01,-0.01,0.01,0.06,0.09,0.11,0.10,0.08,0.07,0.06,0.05,0.05,0.05,0.05,0.06,0.06,0.06,0.05,0.04,0.04,0.04,0.04,0.04,0.03,0.03,0.03,0.03,0.03,0.03,0.02,0.03,0.02,0.02,0.02,0.02,0.02,0.02,0.02,0.02,0.02,0.01,0.01,0.02,0.01,0.01,0.01,0.01
20160103,091601,780,710,0,0.01,0.01,0.01,0.01,0.01,0.01,0.01,0.01,0.01,0.01,0.01,0.01,0.01,0.01,0.01,0.01,0.01,0.01,0.01,0.02,0.01,0.01,0.01,0.01,0.01,0.01,0.01,0.01,0.01,0.01,0.01,0.02,0.01,0.01,0.01,0.01,0.01,0.01,0.01,0.01,0.01,0.01,0.01,0.01,0.01,0.01,0.01,0.01,0.01,0.01,0.01,0.01,0.01,0.01,0.01,0.01,0.01,0.01,0.01,0.01,0.01,0.01,0.01,-0.01,-0.05,0.03,-0.05,0.08,-0.01,0.10,0.03,0.07,0.04,0.10,0.17,0.26,0.30,0.28,0.19,0.09,0.01,-0.01,0.00,0.05,0.09,0.11,0.11,0.10,0.08,0.07,0.06,0.06,0.06,0.06,0.06,0.06,0.06,0.06,0.05,0.05,0.04,0.04,0.04,0.04,0.04,0.03,0.03,0.03,0.03,0.03,0.02,0.02,0.03,0.02,0.02,0.02,0.02,0.02,0.02,0.02,0.02,0.02,0.02,0.02,0.02,0.02,0.01,0.01
20160103,091602,780,710,0,0.01,0.01,0.01,0.01,0.01,0.01,0.01,0.01,0.01,0.01,0.01,0.01,0.01,0.01,0.01,0.01,0.01,0.01,0.01,0.01,0.01,0.01,0.01,0.01,0.01,0.01,0.01,0.01,0.01,0.01,0.01,0.01,0.01,0.01,0.01,0.01,0.01,0.01,0.01,0.01,0.01,0.01,0.01,0.01,0.01,0.01,0.01,0.01,0.01,0.01,0.01,0.01,0.01,0.01,0.01,0.01,0.01,0.01,0.01,0.01,0.01,0.01,0.01,0.01,-0.07,-0.00,-0.05,0.01,-0.00,0.05,0.05,0.06,0.04,0.05,0.09,0.17,0.26,0.29,0.26,0.17,0.07,0.01,-0.01,0.01,0.05,0.09,0.11,0.10,0.09,0.07,0.06,0.06,0.06,0.06,0.06,0.06,0.06,0.05,0.05,0.05,0.04,0.04,0.04,0.04,0.04,0.03,0.03,0.03,0.03,0.03,0.03,0.02,0.02,0.02,0.02,0.02,0.02,0.02,0.02,0.02,0.01,0.02,0.01,0.01,0.02,0.01,0.02,0.01
20160103,091602,780,710,0,0.01,0.01,0.01,0.01,0.01,0.01,0.01,0.01,0.01,0.01,0.01,0.01,0.01,0.01,0.01,0.01,0.01,0.01,0.01,0.01,0.01,0.01,0.01,0.01,0.01,0.01,0.01,0.01,0.01,0.01,0.01,0.01,0.01,0.01,0.01,0.01,0.01,0.01,0.01,0.01,0.01,0.01,0.01,0.01,0.01,0.01,0.01,0.01,0.01,0.01,0.01,0.01,0.01,0.01,0.01,0.01,0.01,0.01,0.01,0.01,0.01,0.01,0.01,0.01,-0.08,0.01,-0.06,0.05,-0.02,0.08,0.04,0.07,0.04,0.06,0.11,0.19,0.28,0.31,0.26,0.16,0.06,-0.00,-0.02,0.01,0.06,0.10,0.11,0.11,0.09,0.07,0.06,0.06,0.06,0.06,0.06,0.06,0.06,0.06,0.05,0.05,0.05,0.04,0.04,0.04,0.04,0.03,0.03,0.03,0.03,0.03,0.02,0.02,0.02,0.02,0.02,0.02,0.02,0.02,0.02,0.02,0.02,0.02,0.01,0.01,0.02,0.02,0.01,0.01
20160103,091603,780,710,0,0.01,0.01,0.01,0.01,0.01,0.01,0.01,0.01,0.01,0.01,0.01,0.01,0.01,0.01,0.01,0.01,0.01,0.01,0.01,0.01,0.01,0.01,0.01,0.01,0.01,0.01,0.01,0.01,0.01,0.01,0.01,0.01,0.01,0.01,0.01,0.01,0.01,0.01,0.01,0.01,0.01,0.01,0.01,0.01,0.01,0.01,0.01,0.01,0.01,0.01,0.01,0.01,0.01,0.01,0.01,0.01,0.01,0.02,0.01,0.01,0.01,0.01,0.01,0.01,-0.08,0.01,-0.06,0.05,-0.02,0.08,0.03,0.07,0.04,0.06,0.11,0.19,0.28,0.30,0.26,0.15,0.05,-0.01,-0.02,0.02,0.06,0.10,0.11,0.10,0.09,0.07,0.06,0.06,0.06,0.06,0.06,0.06,0.06,0.06,0.05,0.05,0.04,0.04,0.04,0.03,0.03,0.03,0.03,0.03,0.03,0.02,0.02,0.02,0.02,0.02,0.02,0.02,0.02,0.02,0.02,0.02,0.02,0.02,0.01,0.01,0.01,0.01,0.02,0.01
20160103,091603,780,710,0,0.01,0.01,0.01,0.01,0.01,0.01,0.01,0.01,0.01,0.01,0.01,0.01,0.01,0.01,0.01,0.01,0.01,0.01,0.01,0.01,0.01,0.01,0.01,0.01,0.01,0.01,0.01,0.01,0.01,0.01,0.01,0.01,0.01,0.01,0.01,0.01,0.01,0.01,0.01,0.01,0.01,0.01,0.01,0.01,0.01,0.01,0.01,0.01,0.01,0.01,0.01,0.01,0.01,0.01,0.01,0.01,0.01,0.01,0.01,0.01,0.01,0.01,0.01,0.02,-0.06,0.00,-0.03,0.08,-0.00,0.08,0.03,0.06,0.04,0.08,0.15,0.24,0.30,0.28,0.20,0.09,0.01,-0.03,-0.00,0.04,0.08,0.11,0.11,0.09,0.08,0.07,0.06,0.06,0.06,0.06,0.06,0.06,0.05,0.05,0.05,0.04,0.04,0.04,0.04,0.04,0.03,0.03,0.03,0.03,0.02,0.03,0.02,0.02,0.02,0.02,0.02,0.02,0.02,0.02,0.01,0.02,0.01,0.02,0.02,0.02,0.01,0.01,0.01,0.01
20160103,091604,780,710,0,0.01,0.01,0.01,0.01,0.01,0.01,0.01,0.01,0.01,0.01,0.01,0.01,0.01,0.01,0.01,0.01,0.01,0.01,0.01,0.01,0.01,0.01,0.01,0.01,0.01,0.01,0.01,0.01,0.01,0.01,0.01,0.01,0.01,0.01,0.01,0.01,0.01,0.01,0.01,0.01,0.01,0.01,0.01,0.01,0.01,0.01,0.01,0.01,0.01,0.01,0.01,0.01,0.01,0.01,0.01,0.01,0.01,0.01,0.01,0.01,0.01,0.01,0.01,0.01,-0.01,-0.08,0.03,0.01,0.06,0.04,0.07,0.04,0.05,0.07,0.15,0.24,0.30,0.29,0.22,0.11,0.02,-0.02,-0.01,0.04,0.08,0.11,0.11,0.10,0.08,0.07,0.06,0.06,0.06,0.06,0.06,0.06,0.06,0.05,0.05,0.05,0.04,0.04,0.04,0.04,0.03,0.03,0.03,0.03,0.03,0.03,0.03,0.03,0.02,0.02,0.02,0.02,0.02,0.02,0.02,0.01,0.01,0.02,0.02,0.02,0.02,0.01,0.02,0.01
20160103,091604,780,710,0,0.01,0.01,0.01,0.01,0.01,0.01,0.01,0.01,0.01,0.01,0.01,0.01,0.01,0.01,0.01,0.01,0.01,0.01,0.01,0.01,0.01,0.01,0.01,0.01,0.01,0.01,0.01,0.01,0.01,0.01,0.01,0.01,0.01,0.01,0.01,0.01,0.01,0.01,0.01,0.01,0.01,0.01,0.01,0.01,0.01,0.01,0.01,0.01,0.01,0.01,0.01,0.01,0.01,0.01,0.01,0.01,0.01,0.01,0.01,0.01,0.01,0.01,0.01,0.03,-0.05,0.00,-0.03,0.07,0.00,0.08,0.04,0.06,0.05,0.08,0.16,0.25,0.31,0.29,0.20,0.09,0.01,-0.02,0.00,0.05,0.09,0.11,0.11,0.10,0.08,0.07,0.06,0.05,0.06,0.06,0.06,0.06,0.06,0.06,0.05,0.04,0.04,0.04,0.04,0.04,0.03,0.03,0.03,0.03,0.03,0.03,0.03,0.02,0.02,0.02,0.02,0.02,0.02,0.02,0.01,0.02,0.02,0.02,0.01,0.01,0.01,0.02,0.02,0.02
20160103,091605,780,710,0,0.01,0.01,0.01,0.01,0.01,0.01,0.01,0.01,0.01,0.01,0.01,0.01,0.01,0.01,0.01,0.01,0.01,0.01,0.01,0.01,0.01,0.01,0.01,0.01,0.01,0.01,0.01,0.01,0.01,0.01,0.01,0.01,0.01,0.01,0.01,0.01,0.01,0.01,0.01,0.01,0.01,0.01,0.01,0.01,0.01,0.01,0.01,0.01,0.01,0.01,0.01,0.01,0.01,0.01,0.01,0.01,0.01,0.01,0.01,0.01,0.01,0.01,0.01,0.03,0.00,-0.03,-0.01,0.03,0.03,0.07,0.06,0.05,0.05,0.07,0.15,0.22,0.29,0.27,0.20,0.10,0.02,-0.01,0.00,0.04,0.08,0.10,0.11,0.09,0.08,0.06,0.06,0.05,0.05,0.06,0.06,0.06,0.06,0.05,0.05,0.04,0.04,0.04,0.04,0.03,0.03,0.03,0.03,0.03,0.03,0.03,0.02,0.02,0.02,0.02,0.02,0.02,0.02,0.02,0.01,0.02,0.02,0.02,0.02,0.01,0.01,0.01,0.02,0.01
