20160329,183217,0,500,0,0.01,0.01,0.00,0.00,0.00,0.01,0.01,0.00,0.00,0.00,0.01,0.01,0.00,0.00,0.00,0.00,0.00,0.00,0.00,0.00,0.00,0.00,0.01,0.00,0.00,0.00,0.00,0.00,0.00,0.01,0.00,0.00,0.01,0.00,0.01,0.00,0.00,0.00,0.00,0.00,0.00,0.00,0.00,0.01,0.01,0.00,0.00,0.00,0.01,0.01,0.01,0.00,0.00,0.01,0.01,0.00,0.00,0.00,0.00,0.00,0.01,0.00,0.00,0.01,0.03,-0.05,0.04,-0.04,0.06,-0.01,0.06,0.01,0.04,-0.00,0.00,-0.01,-0.00,0.01,0.01,0.01,0.01,0.01,0.01,0.01,0.00,0.00,0.01,0.00,0.01,0.00,0.00,0.00,0.01,0.01,0.01,0.00,0.01,0.00,0.01,0.00,0.01,0.00,0.00,0.01,0.01,0.01,0.00,0.00,0.01,0.01,0.01,0.00,0.00,0.00,0.01,0.01,0.01,0.00,0.00,0.00,0.01,0.01,0.01,0.00,0.00,0.00,0.00,0.01
20160329,183217,0,500,0,0.01,0.00,0.01,0.00,0.00,0.01,0.00,0.00,0.01,0.00,0.01,0.00,0.00,0.01,0.01,0.00,0.00,0.01,0.01,0.01,0.01,0.00,0.00,0.00,0.01,0.01,0.01,0.01,0.00,0.01,0.00,0.01,0.00,0.00,0.00,0.01,0.01,0.01,0.00,0.01,0.00,0.01,0.01,0.01,0.00,0.01,0.01,0.01,0.01,0.01,0.00,0.01,0.01,0.01,0.01,0.01,0.01,0.01,0.01,0.01,0.01,0.00,0.00,-0.02,-0.03,-0.04,-0.02,0.02,0.00,0.06,0.03,0.04,0.02,0.01,-0.00,-0.01,0.00,0.00,0.01,0.01,0.01,0.01,0.01,0.00,0.01,0.01,0.01,0.01,0.01,0.01,0.00,0.01,0.00,0.01,0.01,0.01,0.01,0.01,0.01,0.00,0.01,0.01,0.01,0.01,0.01,0.00,0.01,0.01,0.01,0.01,0.01,0.00,0.01,0.00,0.01,0.01,0.01,0.01,0.01,0.01,0.00,0.01,0.01,0.01,0.01,0.01,0.00,0.00
20160329,183218,0,500,0,0.00,0.01,0.00,0.01,0.00,0.01,0.00,0.00,0.00,0.00,0.01,0.01,0.00,0.00,0.00,0.01,0.01,0.01,0.00,0.00,0.00,0.00,0.01,0.01,0.00,0.00,0.00,0.00,0.01,0.01,0.00,0.00,0.00,0.00,0.01,0.01,0.00,0.00,0.00,0.00,0.00,0.01,0.00,0.01,0.00,0.00,0.01,0.01,0.01,0.01,0.00,0.00,0.00,0.01,0.01,0.00,0.00,0.00,0.00,0.01,0.01,0.00,0.00,0.00,-0.10,0.03,-0.07,0.05,-0.03,0.05,0.02,0.06,0.01,0.02,-0.01,-0.00,-0.01,0.01,0.01,0.01,0.01,0.01,0.01,0.00,0.01,0.00,0.00,0.00,0.00,0.01,0.00,0.01,0.01,0.01,0.00,0.00,0.01,0.01,0.01,0.01,0.00,0.00,0.00,0.01,0.01,0.01,0.00,0.00,0.01,0.01,0.01,0.00,0.00,0.00,0.00,0.01,0.01,0.01,0.00,0.00,0.01,0.01,0.01,0.01,0.00,0.00,0.00,0.01
20160329,183218,0,500,0,0.01,0.01,0.01,0.00,0.00,0.01,0.01,0.01,0.00,0.00,0.00,0.01,0.01,0.01,0.00,0.00,0.01,0.01,0.01,0.00,0.01,0.01,0.01,0.01,0.01,0.01,0.00,0.00,0.01,0.00,0.00,0.01,0.01,0.01,0.00,0.01,0.01,0.01,0.01,0.01,0.01,0.00,0.01,0.00,0.01,0.01,0.00,0.00,0.01,0.01,0.01,0.01,0.01,0.00,0.01,0.01,0.01,0.00,0.01,0.00,0.01,0.00,0.01,0.00,0.03,-0.06,0.05,-0.03,0.06,0.00,0.05,0.02,0.03,-0.00,0.00,-0.01,-0.00,0.01,0.01,0.01,0.01,0.01,0.00,0.01,0.00,0.01,0.00,0.01,0.01,0.01,0.01,0.00,0.01,0.01,0.01,0.01,0.01,0.00,0.01,0.01,0.01,0.00,0.01,0.00,0.01,0.01,0.01,0.00,0.01,0.01,0.01,0.00,0.01,0.00,0.01,0.01,0.01,0.01,0.01,0.01,0.01,0.01,0.01,0.01,0.01,0.01,0.01,0.01
20160329,183219,0,500,0,0.01,0.00,0.00,0.00,0.00,0.01,0.00,0.01,0.00,0.01,0.00,0.01,0.00,0.01,0.00,0.00,0.00,0.00,0.01,0.01,0.01,0.00,0.00,0.00,0.00,0.01,0.01,0.00,0.00,0.00,0.01,0.01,0.01,0.00,0.00,0.00,0.00,0.01,0.01,0.01,0.00,0.00,0.01,0.00,0.01,0.01,0.00,0.00,0.01,0.00,0.00,0.00,0.00,0.00,0.01,0.01,0.00,0.01,0.00,0.00,0.00,0.01,0.00,0.01,-0.10,0.02,-0.07,0.05,-0.03,0.06,0.02,0.05,0.01,0.02,-0.01,0.00,-0.01,0.00,0.00,0.01,0.01,0.01,0.01,0.00,0.00,0.00,0.01,0.01,0.00,0.00,0.00,0.00,0.01,0.00,0.01,0.00,0.00,0.01,0.01,0.00,0.00,0.00,0.00,0.00,0.01,0.00,0.01,0.01,0.00,0.00,0.00,0.00,0.01,0.00,0.00,0.00,0.00,0.00,0.01,0.01,0.00,0.00,0.00,0.00,0.00,0.01,0.00,0.00
20160329,183219,0,500,0,0.00,0.01,0.00,0.01,0.01,0.01,0.00,0.01,0.01,0.01,0.01,0.01,0.00,0.01,0.01,0.01,0.01,0.00,0.00,0.01,0.00,0.00,0.00,0.01,0.01,0.01,0.00,0.00,0.01,0.01,0.01,0.01,0.00,0.01,0.00,0.01,0.01,0.01,0.00,0.00,0.01,0.01,0.01,0.00,0.00,0.00,0.00,0.01,0.01,0.00,0.00,0.00,0.01,0.01,0.01,0.00,0.01,0.00,0.01,0.01,0.00,0.00,0.01,0.00,-0.10,0.02,-0.05,0.03,-0.04,0.05,0.01,0.06,0.02,0.02,-0.01,-0.01,-0.01,-0.00,0.01,0.01,0.01,0.00,0.01,0.00,0.01,0.00,0.01,0.00,0.00,0.00,0.01,0.00,0.00,0.00,0.00,0.00,0.01,0.01,0.01,0.00,0.01,0.00,0.01,0.00,0.01,0.00,0.01,0.00,0.01,0.00,0.01,0.01,0.00,0.00,0.01,0.00,0.01,0.01,0.01,0.00,0.00,0.01,0.01,0.01,0.01,0.00,0.00,0.01
20160329,183220,0,500,0,0.00,0.01,0.01,0.01,0.00,0.00,0.00,0.01,0.01,0.01,0.01,0.01,0.00,0.01,0.01,0.01,0.00,0.01,0.00,0.00,0.01,0.01,0.00,0.01,0.00,0.01,0.00,0.01,0.00,0.01,0.01,0.00,0.01,0.01,0.01,0.01,0.00,0.00,0.00,0.01,0.01,0.01,0.01,0.00,0.00,0.01,0.01,0.01,0.00,0.00,0.00,0.01,0.01,0.01,0.00,0.00,0.00,0.01,0.01,0.01,0.01,0.00,0.00,0.01,-0.02,0.00,-0.02,-0.00,-0.03,0.04,0.01,0.04,0.02,0.01,-0.00,-0.01,0.00,0.00,0.01,0.01,0.01,0.00,0.01,0.01,0.01,0.00,0.00,0.00,0.00,0.01,0.01,0.01,0.00,0.00,0.01,0.01,0.01,0.01,0.01,0.00,0.01,0.01,0.01,0.01,0.01,0.00,0.01,0.01,0.01,0.01,0.00,0.00,0.01,0.01,0.00,0.01,0.01,0.00,0.01,0.01,0.01,0.01,0.01,0.00,0.00,0.01,0.01,0.01
20160329,183220,0,500,0,0.00,0.01,0.01,0.01,0.01,0.00,0.00,0.00,0.01,0.01,0.01,0.00,0.00,0.01,0.01,0.01,0.00,0.00,0.00,0.01,0.01,0.01,0.00,0.01,0.00,0.01,0.00,0.01,0.01,0.01,0.01,0.01,0.01,0.00,0.01,0.01,0.01,0.00,0.00,0.01,0.01,0.01,0.01,0.00,0.01,0.00,0.01,0.01,0.01,0.00,0.00,0.00,0.01,0.01,0.01,0.00,0.00,0.01,0.01,0.01,0.00,0.00,0.00,0.01,-0.09,0.03,-0.06,0.04,-0.03,0.05,0.02,0.05,0.01,0.02,-0.01,0.00,-0.01,0.00,0.01,0.01,0.01,0.01,0.01,-0.00,0.01,0.00,0.00,0.01,0.00,0.01,0.01,0.01,0.00,0.00,0.00,0.01,0.01,0.01,0.00,0.00,0.00,0.01,0.01,0.00,0.00,0.00,0.01,0.01,0.01,0.01,0.00,0.00,0.00,0.01,0.01,0.01,0.00,0.01,0.01,0.01,0.00,0.01,0.00,0.01,0.00,0.01,0.00,0.01
20160329,183221,0,500,0,0.00,0.00,0.01,0.01,0.01,0.01,0.00,0.00,0.00,0.00,0.01,0.00,0.01,0.00,0.01,0.00,0.01,0.00,0.01,0.00,0.00,0.00,0.00,0.00,0.01,0.00,0.01,0.00,0.00,0.00,0.01,0.01,0.00,0.00,0.00,0.00,0.00,0.00,0.00,0.00,0.00,0.01,0.01,0.00,0.00,0.00,0.00,0.01,0.01,0.00,0.00,0.00,0.01,0.01,0.01,0.00,0.00,0.00,0.00,0.00,0.01,0.00,0.00,0.00,-0.07,-0.01,-0.04,0.06,0.00,0.04,0.04,0.05,0.02,0.02,-0.01,0.00,-0.01,0.00,0.01,0.01,0.01,0.01,0.01,0.00,0.00,0.00,0.01,0.00,0.01,0.00,0.00,0.01,0.01,0.00,0.00,0.01,0.00,0.01,0.00,0.01,0.00,0.01,0.00,0.01,0.00,0.00,0.00,0.01,0.00,0.00,0.00,0.00,0.00,0.00,0.00,0.00,0.00,0.01,0.00,0.01,0.00,0.00,0.00,0.00,0.01,0.00,0.01,0.00
20160329,183221,0,550,0,0.00,0.00,0.01,0.01,0.00,0.01,0.01,0.01,0.01,0.00,0.00,0.00,0.01,0.01,0.01,0.00,0.00,0.01,0.00,0.00,0.01,0.00,0.00,0.00,0.01,0.01,0.01,0.00,0.00,0.01,0.01,0.01,0.00,0.00,0.00,0.00,0.01,0.00,0.00,0.01,0.00,0.01,0.01,0.00,0.01,0.01,0.01,0.00,0.01,0.00,0.00,0.01,0.00,0.01,0.00,0.01,0.01,0.01,0.01,0.00,0.01,0.00,0.00,-0.00,0.04,-0.09,0.05,-0.04,0.05,0.00,0.05,0.01,0.03,-0.00,0.01,-0.01,0.00,0.00,0.01,0.01,0.01,0.01,0.00,0.00,0.01,0.01,0.00,0.00,0.00,0.00,0.00,0.01,0.00,0.00,0.01,0.01,0.01,0.01,0.01,0.00,0.00,0.01,0.00,0.01,0.00,0.01,0.00,0.01,0.01,0.01,0.00,0.00,0.01,0.01,0.00,0.01,0.00,0.01,0.00,0.01,0.00,0.00,0.01,0.00,0.01,0.00,0.00,0.01
20160329,183222,0,550,0,0.00,0.00,0.00,0.00,0.00,0.01,0.00,0.01,0.00,0.01,0.00,0.00,0.00,0.01,0.01,0.01,0.01,0.01,0.00,0.00,0.01,0.01,0.00,0.00,0.01,0.01,0.01,0.00,0.00,0.00,0.01,0.01,0.01,0.00,0.00,0.00,0.01,0.00,0.00,0.00,0.00,0.01,0.00,0.01,0.00,0.01,0.00,0.01,0.01,0.01,0.00,0.01,0.00,0.01,0.00,0.01,0.00,0.01,0.01,0.01,0.01,0.00,0.00,0.01,-0.07,-0.02,0.03,-0.01,0.02,0.02,0.04,0.03,0.04,0.00,0.01,-0.01,0.00,-0.01,0.01,0.01,0.01,0.01,0.01,0.00,0.00,0.00,0.01,0.00,0.01,0.00,0.01,0.01,0.01,0.00,0.01,0.00,0.01,0.00,0.01,0.00,0.01,0.00,0.00,0.01,0.01,0.01,0.01,0.01,0.01,0.01,0.01,0.00,0.01,0.01,0.00,0.00,0.00,0.01,0.01,0.01,0.01,0.00,0.01,0.01,0.00,0.01,0.00,0.00
20160329,183222,0,550,0,0.00,0.00,0.00,0.01,0.01,0.01,0.00,0.00,0.01,0.01,0.01,0.01,0.00,0.00,0.00,0.01,0.00,0.01,0.01,0.00,0.01,0.01,0.00,0.01,0.00,0.01,0.00,0.01,0.00,0.01,0.01,0.01,0.01,0.00,0.00,0.00,0.00,0.01,0.00,0.01,0.00,0.01,0.01,0.01,0.01,0.00,0.01,0.01,0.01,0.00,0.00,0.00,0.01,0.01,0.01,0.00,0.00,0.00,0.01,0.00,0.00,0.00,0.00,0.01,-0.04,-0.04,0.02,-0.03,0.04,0.01,0.05,0.03,0.03,0.00,0.01,-0.01,0.00,-0.00,0.01,0.01,0.01,0.01,0.01,0.00,0.00,0.00,0.00,0.01,0.00,0.00,0.00,0.01,0.01,0.00,0.01,0.00,0.01,0.01,0.01,0.00,0.00,0.00,0.00,0.00,0.00,0.00,0.01,0.01,0.01,0.00,0.01,0.00,0.01,0.01,0.00,0.00,0.00,0.00,0.01,0.01,0.01,0.00,0.01,0.00,0.01,0.01,0.01,0.00
20160329,183223,0,550,0,0.01,0.00,0.01,0.01,0.00,0.00,0.00,0.00,0.01,0.00,0.01,0.00,0.01,0.00,0.00,0.00,0.00,0.01,0.01,0.01,0.00,0.00,0.00,0.00,0.01,0.00,0.00,0.00,0.00,0.01,0.00,0.01,0.00,0.00,0.00,0.00,0.01,0.01,0.00,0.00,0.00,0.01,0.01,0.01,0.00,0.00,0.00,0.01,0.00,0.00,0.00,0.01,0.00,0.01,0.00,0.00,0.00,0.01,0.00,0.00,0.00,0.00,0.01,0.01,-0.01,-0.02,0.04,-0.02,0.04,0.02,0.04,0.02,0.04,0.00,0.01,-0.01,-0.00,-0.01,0.01,0.01,0.01,0.01,0.01,0.00,0.00,0.00,0.01,0.00,0.00,0.00,0.00,0.01,0.00,0.00,0.00,0.00,0.00,0.01,0.00,0.00,0.01,0.00,0.00,0.00,0.00,0.01,0.01,0.00,0.00,0.00,0.00,0.00,0.01,0.00,0.00,0.00,0.01,0.01,0.01,0.00,0.00,0.00,0.01,0.01,0.01,0.00,0.00,0.00
20160329,183223,0,550,0,0.01,0.01,0.00,0.01,0.00,0.01,0.01,0.01,0.00,0.01,0.00,0.01,0.01,0.01,0.00,0.00,0.01,0.01,0.01,0.01,0.00,0.00,0.00,0.01,0.01,0.01,0.00,0.01,0.01,0.01,0.01,0.00,0.00,0.00,0.00,0.01,0.00,0.01,0.00,0.00,0.01,0.01,0.00,0.00,0.01,0.01,0.00,0.01,0.00,0.01,0.01,0.01,0.01,0.01,0.00,0.01,0.01,0.00,0.00,0.01,0.00,0.01,0.01,0.01,-0.07,-0.00,-0.03,0.00,-0.03,0.04,0.01,0.05,0.01,0.01,-0.00,-0.01,-0.00,-0.00,0.01,0.01,0.01,0.00,0.01,0.00,0.01,0.00,0.01,0.00,0.01,0.00,0.01,0.00,0.01,0.00,0.00,0.00,0.01,0.01,0.00,0.01,0.01,0.00,0.00,0.00,0.01,0.01,0.01,0.00,0.00,0.01,0.00,0.01,0.00,0.00,0.01,0.01,0.01,0.01,0.00,0.00,0.01,0.01,0.01,0.01,0.00,0.00,0.01,0.01
20160329,183224,0,600,0,0.01,0.00,0.01,0.00,0.01,0.00,0.01,0.00,0.00,0.00,0.01,0.00,0.01,0.00,0.01,0.00,0.01,0.00,0.01,0.01,0.00,0.00,0.00,0.00,0.01,0.01,0.00,0.00,0.01,0.00,0.01,0.01,0.00,0.00,0.00,0.01,0.01,0.01,0.00,0.00,0.01,0.01,0.01,0.01,0.00,0.01,0.00,0.01,0.00,0.01,0.01,0.00,0.01,0.00,0.00,0.01,0.00,0.01,0.00,0.01,0.00,0.01,0.01,-0.02,0.00,-0.06,0.04,-0.02,0.07,0.00,0.05,0.02,0.03,0.00,0.00,-0.01,-0.01,0.00,0.01,0.01,0.01,0.01,0.00,0.01,0.00,0.01,0.00,0.01,0.00,0.01,0.01,0.01,0.00,0.01,0.00,0.01,0.00,0.01,0.00,0.01,0.00,0.00,0.00,0.00,0.01,0.01,0.00,0.01,0.00,0.01,0.00,0.01,0.01,0.00,0.00,0.00,0.00,0.01,0.00,0.00,0.01,0.00,0.01,0.01,0.00,0.00,0.00,0.01
20160329,183224,0,600,0,0.01,0.00,0.00,0.01,0.01,0.01,0.01,0.01,0.00,0.01,0.01,0.01,0.00,0.01,0.00,0.01,0.01,0.01,0.01,0.01,0.00,0.01,0.00,0.01,0.01,0.01,0.00,0.00,0.01,0.01,0.01,0.01,0.00,0.01,0.01,0.00,0.01,0.01,0.00,0.00,0.01,0.01,0.01,0.00,0.00,0.01,0.01,0.01,0.01,0.00,0.00,0.00,0.01,0.01,0.01,0.00,0.00,0.00,0.01,0.01,0.01,0.01,0.01,0.02,0.01,-0.07,-0.01,-0.02,0.02,0.03,0.04,0.02,0.03,0.00,0.00,-0.01,0.00,0.00,0.01,0.01,0.01,0.01,0.00,0.01,0.01,0.01,0.00,0.00,0.00,0.00,0.01,0.01,0.01,0.00,0.00,0.01,0.01,0.01,0.01,0.00,0.01,0.00,0.01,0.00,0.01,0.00,0.01,0.01,0.01,0.01,0.00,0.01,0.00,0.01,0.00,0.01,0.01,0.01,0.00,0.01,0.00,0.01,0.01,0.01,0.00,0.00,0.01,0.01
20160329,183225,0,600,0,0.00,0.00,0.00,0.01,0.00,0.00,0.00,0.00,0.00,0.00,0.01,0.01,0.00,0.00,0.00,0.01,0.00,0.00,0.00,0.01,0.01,0.01,0.01,0.01,0.00,0.01,0.00,0.01,0.00,0.00,0.00,0.00,0.00,0.00,0.01,0.01,0.01,0.01,0.00,0.00,0.00,0.01,0.01,0.01,0.00,0.00,0.00,0.01,0.01,0.01,0.00,0.00,0.00,0.01,0.01,0.00,0.00,0.00,0.01,0.01,0.00,0.00,0.00,0.01,-0.08,-0.03,0.03,-0.02,0.01,0.02,0.03,0.03,0.03,0.01,0.00,-0.01,0.00,-0.00,0.01,0.01,0.01,0.00,0.01,0.00,0.00,0.00,0.01,0.00,0.00,0.01,0.00,0.01,0.01,0.00,0.00,0.00,0.01,0.01,0.01,0.00,0.00,0.01,0.01,0.01,0.00,0.00,0.00,0.01,0.01,0.01,0.01,0.00,0.00,0.01,0.01,0.01,0.00,0.01,0.01,0.00,0.01,0.00,0.01,0.01,0.00,0.01,0.00,0.00
20160329,183225,0,600,0,0.01,0.00,0.00,0.00,0.01,0.01,0.01,0.00,0.01,0.01,0.00,0.00,0.00,0.01,0.01,0.00,0.01,0.00,0.00,0.01,0.00,0.00,0.00,0.01,0.01,0.01,0.00,0.00,0.00,0.01,0.01,0.01,0.00,0.00,0.00,0.01,0.01,0.01,0.00,0.00,0.00,0.01,0.01,0.01,0.00,0.00,0.00,0.01,0.01,0.01,0.00,0.00,0.00,0.01,0.00,0.01,0.00,0.01,0.00,0.01,0.00,0.01,0.01,-0.02,-0.07,0.02,-0.04,0.07,0.01,0.07,0.02,0.04,0.00,0.01,-0.01,-0.00,-0.00,0.00,0.01,0.01,0.01,0.01,0.00,0.00,0.00,0.01,0.01,0.01,0.00,0.00,0.01,0.01,0.01,0.01,0.00,0.01,0.00,0.01,0.00,0.01,0.00,0.01,0.01,0.01,0.01,0.01,0.01,0.01,0.00,0.01,0.00,0.01,0.01,0.00,0.00,0.00,0.01,0.01,0.01,0.00,0.00,0.01,0.01,0.01,0.01,0.00,0.00,0.00
20160329,183226,0,650,0,0.00,0.01,0.00,0.01,0.00,0.01,0.01,0.01,0.01,0.01,0.00,0.01,0.00,0.01,0.01,0.01,0.00,0.01,0.01,0.01,0.01,0.01,0.00,0.01,0.00,0.01,0.01,0.01,0.00,0.00,0.01,0.01,0.01,0.00,0.00,0.01,0.01,0.01,0.01,0.01,0.01,0.00,0.01,0.01,0.00,0.00,0.00,0.01,0.01,0.01,0.00,0.01,0.01,0.00,0.01,0.01,0.01,0.01,0.01,0.01,0.00,0.01,0.00,0.01,-0.09,-0.01,-0.06,0.03,-0.03,0.05,0.01,0.06,0.01,0.02,-0.01,0.00,-0.01,0.00,0.01,0.01,0.01,0.01,0.01,0.00,0.00,0.01,0.01,0.00,0.01,0.00,0.01,0.00,0.01,0.00,0.00,0.00,0.00,0.01,0.01,0.00,0.00,0.01,0.01,0.01,0.01,0.01,0.00,0.01,0.00,0.01,0.00,0.01,0.01,0.01,0.00,0.00,0.01,0.01,0.01,0.01,0.00,0.00,0.00,0.01,0.01,0.01,0.00,0.00
20160329,183226,0,650,0,0.01,0.01,0.01,0.01,0.01,0.00,0.00,0.01,0.01,0.01,0.01,0.00,0.01,0.00,0.01,0.01,0.01,0.01,0.00,0.00,0.01,0.00,0.01,0.00,0.00,0.00,0.01,0.01,0.01,0.01,0.00,0.00,0.00,0.00,0.01,0.00,0.00,0.00,0.01,0.01,0.01,0.00,0.00,0.00,0.01,0.00,0.01,0.00,0.00,0.00,0.01,0.00,0.01,0.00,0.01,0.01,0.01,0.01,0.00,0.01,0.01,0.00,0.01,0.01,-0.03,-0.03,-0.04,0.03,0.00,0.06,0.03,0.04,0.02,0.00,-0.00,-0.01,0.00,0.00,0.01,0.01,0.01,0.00,0.00,0.01,0.00,0.00,0.00,0.01,0.00,0.01,0.00,0.01,0.00,0.01,0.00,0.01,0.01,0.00,0.01,0.00,0.00,0.00,0.00,0.00,0.00,0.01,0.01,0.00,0.01,0.00,0.01,0.00,0.00,0.00,0.01,0.01,0.00,0.01,0.00,0.01,0.01,0.01,0.00,0.00,0.00,0.01,0.01,0.01
20160329,183227,0,650,0,0.01,0.01,0.01,0.01,0.01,0.00,0.01,0.01,0.01,0.01,0.01,0.00,0.01,0.01,0.01,0.01,0.00,0.00,0.00,0.00,0.01,0.01,0.01,0.00,0.00,0.01,0.01,0.01,0.01,0.00,0.00,0.01,0.01,0.01,0.01,0.00,0.01,0.01,0.01,0.00,0.01,0.00,0.01,0.01,0.01,0.01,0.01,0.00,0.01,0.00,0.01,0.01,0.01,0.01,0.00,0.01,0.01,0.01,0.01,0.00,0.01,0.00,0.00,0.01,-0.06,-0.02,-0.04,0.05,0.00,0.07,0.02,0.05,0.00,0.01,-0.01,-0.00,0.00,0.01,0.01,0.01,0.01,0.01,0.01,0.00,0.01,0.00,0.01,0.01,0.01,0.00,0.00,0.00,0.00,0.01,0.00,0.01,0.01,0.01,0.01,0.01,0.00,0.01,0.01,0.01,0.00,0.01,0.00,0.01,0.01,0.01,0.00,0.00,0.00,0.01,0.01,0.01,0.00,0.01,0.00,0.01,0.01,0.01,0.00,0.00,0.01,0.01,0.01,0.00
20160329,183227,0,700,0,0.01,0.01,0.00,0.00,0.00,0.01,0.01,0.01,0.00,0.01,0.01,0.01,0.01,0.01,0.00,0.00,0.01,0.01,0.01,0.01,0.00,0.01,0.01,0.01,0.01,0.01,0.01,0.01,0.01,0.01,0.01,0.00,0.00,0.00,0.01,0.01,0.01,0.01,0.01,0.00,0.01,0.00,0.00,0.01,0.00,0.01,0.00,0.01,0.00,0.01,0.01,0.00,0.01,0.01,0.01,0.01,0.01,0.00,0.00,0.01,0.01,0.01,0.00,0.00,-0.07,-0.00,-0.05,0.06,-0.00,0.04,0.04,0.05,0.02,0.02,-0.01,-0.00,-0.01,0.00,0.01,0.01,0.01,0.01,0.01,0.00,0.01,0.00,0.01,0.01,0.01,0.00,0.01,0.00,0.01,0.01,0.00,0.01,0.01,0.01,0.01,0.01,0.00,0.00,0.01,0.01,0.01,0.01,0.00,0.00,0.01,0.01,0.01,0.01,0.00,0.00,0.01,0.01,0.01,0.01,0.00,0.01,0.00,0.01,0.01,0.01,0.00,0.00,0.00,0.01
20160329,183228,0,700,0,0.00,0.00,0.00,0.00,0.01,0.00,0.00,0.00,0.01,0.00,0.00,0.01,0.00,0.01,0.01,0.00,0.01,0.01,0.01,0.01,0.00,0.00,0.00,0.01,0.01,0.01,0.00,0.00,0.00,0.01,0.01,0.00,0.00,0.00,0.00,0.01,0.01,0.01,0.00,0.00,0.01,0.00,0.01,0.00,0.00,0.00,0.00,0.01,0.01,0.00,0.00,0.00,0.01,0.00,0.01,0.00,0.01,0.00,0.00,0.00,0.01,0.00,0.01,0.00,-0.08,0.02,-0.04,0.01,-0.03,0.04,0.01,0.04,0.02,0.01,-0.00,-0.01,-0.00,-0.00,0.01,0.01,0.01,0.00,0.01,0.00,0.01,0.01,0.01,0.01,0.01,0.01,0.03,0.04,0.05,0.05,0.05,0.03,0.03,0.02,0.02,0.02,0.03,0.03,0.03,0.03,0.03,0.02,0.02,0.02,0.02,0.02,0.02,0.02,0.02,0.01,0.01,0.01,0.02,0.01,0.01,0.01,0.01,0.01,0.01,0.01,0.01,0.01,0.01,0.01
20160329,183228,0,700,0,0.00,0.01,0.01,0.01,0.00,0.00,0.00,0.00,0.01,0.01,0.00,0.00,0.00,0.01,0.00,0.00,0.00,0.01,0.00,0.00,0.01,0.00,0.01,0.01,0.00,0.00,0.01,0.01,0.01,0.01,0.00,0.00,0.01,0.01,0.01,0.01,0.00,0.00,0.00,0.01,0.01,0.01,0.00,0.00,0.00,0.01,0.01,0.01,0.00,0.00,0.00,0.01,0.01,0.01,0.00,0.00,0.01,0.01,0.00,0.01,0.00,0.01,0.00,0.01,-0.09,0.02,-0.05,0.01,-0.03,0.04,0.01,0.05,0.02,0.01,-0.00,-0.01,-0.00,0.00,0.01,0.00,0.01,0.00,0.01,0.00,0.01,0.00,0.00,0.00,0.01,0.02,0.03,0.04,0.04,0.05,0.05,0.04,0.03,0.02,0.01,0.02,0.02,0.03,0.03,0.03,0.02,0.02,0.02,0.02,0.02,0.02,0.02,0.02,0.01,0.02,0.01,0.01,0.01,0.01,0.01,0.01,0.01,0.01,0.01,0.01,0.01,0.01,0.01,0.01
20160329,183229,0,700,0,0.00,0.01,0.01,0.01,0.00,0.00,0.00,0.01,0.01,0.00,0.00,0.01,0.00,0.01,0.00,0.01,0.00,0.01,0.01,0.00,0.01,0.00,0.01,0.01,0.00,0.00,0.00,0.01,0.01,0.01,0.00,0.00,0.01,0.01,0.01,0.01,0.00,0.00,0.01,0.01,0.01,0.00,0.00,0.00,0.00,0.01,0.01,0.01,0.00,0.00,0.01,0.01,0.01,0.01,0.00,0.01,0.01,0.01,0.01,0.01,0.01,0.01,0.00,0.00,-0.06,-0.01,-0.03,0.05,0.01,0.04,0.04,0.05,0.02,0.02,-0.01,0.00,-0.01,0.01,0.01,0.01,0.01,0.01,0.01,0.01,0.01,0.00,0.00,0.01,0.01,0.02,0.03,0.04,0.05,0.04,0.05,0.03,0.02,0.01,0.02,0.02,0.03,0.03,0.03,0.03,0.03,0.02,0.02,0.02,0.02,0.02,0.02,0.02,0.02,0.02,0.02,0.02,0.01,0.01,0.01,0.01,0.01,0.01,0.01,0.01,0.01,0.01,0.01,0.01
20160329,183229,0,700,0,0.01,0.01,0.00,0.00,0.01,0.01,0.01,0.00,0.00,0.00,0.00,0.01,0.01,0.00,0.01,0.00,0.01,0.00,0.01,0.00,0.01,0.01,0.00,0.00,0.01,0.01,0.01,0.00,0.00,0.00,0.01,0.01,0.01,0.00,0.00,0.01,0.01,0.01,0.01,0.00,0.00,0.00,0.01,0.01,0.01,0.00,0.00,0.00,0.01,0.01,0.01,0.00,0.01,0.00,0.01,0.00,0.01,0.00,0.01,0.01,0.01,0.01,0.00,0.01,0.01,-0.05,0.05,-0.05,0.07,0.01,0.06,0.02,0.04,0.00,0.01,-0.01,0.00,-0.01,0.01,0.01,0.01,0.01,0.01,0.00,0.00,0.01,0.00,0.01,0.01,0.01,0.02,0.04,0.05,0.05,0.05,0.04,0.02,0.02,0.02,0.02,0.02,0.03,0.03,0.03,0.02,0.02,0.02,0.02,0.02,0.02,0.02,0.02,0.02,0.02,0.01,0.01,0.01,0.01,0.01,0.01,0.01,0.01,0.01,0.01,0.01,0.01,0.01,0.01
20160329,183230,0,750,0,0.01,0.00,0.00,0.00,0.01,0.01,0.01,0.00,0.00,0.00,0.01,0.01,0.01,0.00,0.01,0.00,0.01,0.00,0.00,0.01,0.01,0.00,0.01,0.01,0.01,0.01,0.01,0.00,0.00,0.01,0.01,0.01,0.00,0.00,0.00,0.01,0.01,0.01,0.00,0.00,0.00,0.01,0.01,0.01,0.00,0.00,0.00,0.01,0.01,0.01,0.01,0.00,0.00,0.01,0.01,0.01,0.01,0.00,0.00,0.01,0.00,0.01,0.00,-0.01,0.02,-0.06,0.03,-0.03,0.03,0.02,0.04,0.02,0.03,-0.00,0.00,-0.01,-0.00,0.00,0.01,0.01,0.01,0.01,0.00,0.00,0.00,0.01,0.01,0.01,0.01,0.01,0.03,0.04,0.05,0.05,0.04,0.03,0.02,0.02,0.02,0.02,0.02,0.03,0.03,0.03,0.02,0.02,0.02,0.02,0.02,0.02,0.02,0.02,0.02,0.02,0.02,0.01,0.02,0.01,0.01,0.01,0.01,0.01,0.01,0.01,0.01,0.00,0.01,0.01
20160329,183230,0,750,0,0.01,0.00,0.01,0.00,0.01,0.00,0.01,0.01,0.01,0.01,0.01,0.01,0.01,0.00,0.01,0.01,0.01,0.01,0.01,0.00,0.00,0.01,0.01,0.01,0.01,0.00,0.01,0.01,0.01,0.01,0.00,0.00,0.00,0.01,0.01,0.01,0.01,0.00,0.01,0.01,0.01,0.01,0.01,0.00,0.01,0.01,0.01,0.00,0.01,0.00,0.01,0.01,0.01,0.01,0.01,0.00,0.00,0.01,0.00,0.01,0.01,0.01,0.00,0.01,-0.07,-0.02,-0.03,0.06,0.00,0.07,0.02,0.05,0.00,0.01,-0.01,-0.00,0.00,0.01,0.01,0.02,0.03,0.06,0.10,0.13,0.14,0.12,0.07,0.03,0.01,0.00,0.01,0.03,0.05,0.05,0.05,0.05,0.04,0.03,0.03,0.03,0.03,0.03,0.03,0.03,0.03,0.02,0.02,0.02,0.02,0.02,0.02,0.01,0.01,0.01,0.01,0.01,0.01,0.01,0.01,0.01,0.01,0.01,0.01,0.01,0.01,0.01,0.01,0.01
20160329,183231,0,750,0,0.01,0.00,0.01,0.00,0.01,0.01,0.00,0.00,0.00,0.00,0.01,0.00,0.01,0.00,0.01,0.00,0.00,0.00,0.00,0.01,0.01,0.01,0.00,0.00,0.00,0.00,0.01,0.01,0.01,0.01,0.00,0.01,0.00,0.01,0.00,0.00,0.00,0.01,0.01,0.01,0.00,0.00,0.00,0.01,0.00,0.01,0.00,0.01,0.00,0.01,0.00,0.00,0.00,0.01,0.00,0.00,0.00,0.01,0.00,0.01,0.00,0.00,0.01,0.01,-0.09,0.02,-0.06,0.03,-0.04,0.05,0.02,0.06,0.02,0.02,-0.01,-0.00,-0.01,0.00,0.01,0.01,0.03,0.05,0.09,0.13,0.15,0.14,0.10,0.05,0.01,-0.00,0.00,0.02,0.04,0.06,0.05,0.05,0.04,0.04,0.03,0.03,0.03,0.03,0.03,0.03,0.02,0.02,0.02,0.02,0.02,0.02,0.01,0.01,0.02,0.01,0.01,0.01,0.01,0.01,0.01,0.01,0.01,0.01,0.01,0.01,0.01,0.01,0.01,0.01
20160329,183231,0,750,0,0.00,0.00,0.01,0.01,0.00,0.00,0.00,0.01,0.01,0.01,0.00,0.01,0.00,0.01,0.00,0.00,0.00,0.01,0.01,0.01,0.00,0.01,0.00,0.00,0.00,0.00,0.00,0.01,0.01,0.00,0.00,0.00,0.00,0.01,0.00,0.01,0.00,0.00,0.01,0.01,0.01,0.00,0.00,0.00,0.00,0.01,0.01,0.00,0.00,0.00,0.00,0.01,0.01,0.00,0.00,0.00,0.00,0.01,0.00,0.00,0.00,0.00,0.00,0.02,0.01,-0.06,0.03,-0.02,0.06,0.00,0.05,0.01,0.03,-0.00,-0.00,-0.01,-0.00,0.01,0.01,0.02,0.03,0.07,0.11,0.15,0.15,0.12,0.07,0.03,0.00,-0.00,0.01,0.03,0.05,0.06,0.05,0.05,0.04,0.03,0.03,0.03,0.03,0.03,0.03,0.03,0.03,0.03,0.02,0.02,0.02,0.02,0.02,0.01,0.01,0.01,0.01,0.01,0.01,0.01,0.01,0.01,0.01,0.01,0.01,0.01,0.01,0.01,0.01,0.01
20160329,183232,0,750,0,0.00,0.01,0.00,0.00,0.00,0.01,0.00,0.00,0.00,0.00,0.01,0.00,0.00,0.01,0.00,0.01,0.01,0.00,0.00,0.00,0.01,0.00,0.01,0.00,0.00,0.00,0.01,0.01,0.01,0.00,0.00,0.00,0.01,0.01,0.01,0.00,0.00,0.00,0.01,0.01,0.01,0.00,0.00,0.00,0.01,0.00,0.00,0.00,0.00,0.00,0.00,0.00,0.00,0.00,0.00,0.00,0.01,0.00,0.01,0.01,0.00,0.00,0.00,0.01,-0.07,0.00,-0.05,0.05,-0.00,0.04,0.03,0.05,0.01,0.02,-0.01,0.00,-0.01,0.01,0.01,0.02,0.03,0.07,0.11,0.14,0.15,0.12,0.08,0.03,0.01,-0.01,0.01,0.03,0.05,0.06,0.06,0.05,0.04,0.03,0.03,0.03,0.03,0.03,0.03,0.03,0.02,0.02,0.02,0.02,0.02,0.02,0.01,0.02,0.01,0.01,0.01,0.01,0.01,0.01,0.01,0.01,0.01,0.01,0.01,0.01,0.01,0.01,0.01,0.01
20160329,183232,0,750,0,0.00,0.01,0.01,0.01,0.00,0.00,0.00,0.00,0.01,0.00,0.01,0.01,0.00,0.01,0.00,0.01,0.01,0.01,0.00,0.00,0.01,0.01,0.01,0.01,0.00,0.00,0.00,0.01,0.01,0.01,0.01,0.00,0.01,0.01,0.01,0.01,0.00,0.00,0.01,0.01,0.01,0.00,0.01,0.00,0.01,0.01,0.01,0.01,0.01,0.00,0.00,0.01,0.00,0.00,0.01,0.00,0.01,0.00,0.00,0.01,0.01,0.00,0.00,0.01,0.02,-0.04,0.05,-0.05,0.06,0.01,0.06,0.03,0.04,-0.00,0.01,-0.01,0.00,-0.00,0.01,0.01,0.02,0.05,0.08,0.12,0.14,0.13,0.10,0.06,0.02,0.00,0.00,0.02,0.04,0.05,0.06,0.05,0.04,0.04,0.03,0.03,0.03,0.03,0.03,0.03,0.03,0.03,0.02,0.02,0.02,0.02,0.02,0.02,0.01,0.02,0.02,0.01,0.01,0.01,0.01,0.01,0.01,0.01,0.01,0.01,0.01,0.01,0.01,0.01
20160329,183233,0,750,0,0.00,0.01,0.00,0.01,0.01,0.01,0.01,0.01,0.01,0.00,0.01,0.00,0.01,0.01,0.01,0.00,0.00,0.01,0.01,0.01,0.01,0.00,0.00,0.00,0.01,0.01,0.00,0.00,0.00,0.01,0.01,0.01,0.01,0.00,0.00,0.00,0.01,0.01,0.01,0.00,0.00,0.01,0.01,0.00,0.00,0.00,0.01,0.01,0.01,0.00,0.01,0.00,0.00,0.01,0.01,0.01,0.01,0.01,0.00,0.00,0.01,0.00,0.01,0.01,-0.04,-0.03,0.03,-0.03,0.05,0.01,0.05,0.02,0.04,0.00,0.01,-0.01,0.00,-0.01,0.01,0.01,0.03,0.05,0.08,0.12,0.15,0.13,0.10,0.05,0.01,-0.00,0.00,0.02,0.04,0.05,0.06,0.05,0.04,0.03,0.03,0.03,0.03,0.03,0.03,0.03,0.03,0.03,0.02,0.02,0.02,0.02,0.02,0.02,0.02,0.01,0.01,0.01,0.01,0.01,0.01,0.01,0.01,0.01,0.01,0.01,0.01,0.01,0.01,0.01
20160329,183233,0,800,0,0.00,0.01,0.01,0.00,0.01,0.00,0.01,0.01,0.01,0.00,0.00,0.00,0.00,0.01,0.01,0.00,0.00,0.00,0.01,0.01,0.01,0.00,0.00,0.00,0.01,0.01,0.01,0.00,0.00,0.00,0.01,0.01,0.01,0.00,0.00,0.01,0.01,0.01,0.01,0.00,0.00,0.00,0.01,0.00,0.01,0.01,0.00,0.01,0.00,0.01,0.01,0.01,0.01,0.00,0.01,0.00,0.01,0.01,0.00,0.01,0.00,0.00,0.01,0.01,-0.05,-0.04,0.02,-0.02,-0.01,0.03,0.02,0.03,0.02,0.01,0.01,-0.01,0.03,0.07,0.15,0.22,0.26,0.22,0.15,0.05,-0.01,-0.02,-0.00,0.04,0.07,0.09,0.09,0.07,0.06,0.05,0.04,0.04,0.04,0.04,0.04,0.04,0.04,0.04,0.03,0.03,0.03,0.03,0.03,0.03,0.02,0.02,0.02,0.02,0.02,0.02,0.01,0.01,0.01,0.01,0.01,0.01,0.01,0.01,0.01,0.01,0.01,0.01,0.01,0.01
20160329,183234,0,800,0,0.00,0.01,0.01,0.00,0.01,0.00,0.01,0.01,0.01,0.00,0.00,0.00,0.00,0.01,0.01,0.00,0.00,0.00,0.01,0.01,0.01,0.00,0.00,0.00,0.01,0.01,0.01,0.00,0.00,0.00,0.01,0.01,0.01,0.00,0.00,0.01,0.01,0.01,0.01,0.00,0.00,0.00,0.01,0.00,0.01,0.01,0.00,0.01,0.00,0.01,0.01,0.01,0.01,0.00,0.01,0.00,0.01,0.01,0.00,0.01,0.00,0.00,0.01,0.01,-0.05,-0.04,0.02,-0.02,-0.01,0.03,0.02,0.03,0.02,0.01,0.01,-0.01,0.03,0.07,0.15,0.22,0.26,0.22,0.15,0.05,-0.01,-0.02,-0.00,0.04,0.07,0.09,0.09,0.07,0.06,0.05,0.04,0.04,0.04,0.04,0.04,0.04,0.04,0.04,0.03,0.03,0.03,0.03,0.03,0.03,0.02,0.02,0.02,0.02,0.02,0.02,0.01,0.01,0.01,0.01,0.01,0.01,0.01,0.01,0.01,0.01,0.01,0.01,0.01,0.01
20160329,183234,0,800,0,0.00,0.01,0.01,0.01,0.01,0.00,0.00,0.01,0.01,0.01,0.01,0.00,0.00,0.00,0.01,0.01,0.01,0.01,0.01,0.00,0.01,0.01,0.01,0.01,0.00,0.00,0.00,0.01,0.01,0.01,0.01,0.00,0.01,0.00,0.01,0.01,0.01,0.00,0.00,0.01,0.01,0.01,0.01,0.00,0.00,0.00,0.01,0.01,0.01,0.00,0.00,0.01,0.01,0.01,0.01,0.00,0.00,0.01,0.01,0.01,0.01,0.01,0.00,0.01,-0.02,0.02,-0.01,0.01,-0.02,0.04,0.02,0.04,0.03,0.01,0.00,-0.00,0.02,0.07,0.16,0.22,0.26,0.22,0.15,0.05,-0.01,-0.02,-0.00,0.04,0.07,0.09,0.09,0.08,0.06,0.05,0.04,0.04,0.04,0.05,0.04,0.04,0.04,0.04,0.03,0.03,0.03,0.03,0.03,0.02,0.02,0.02,0.02,0.02,0.02,0.02,0.01,0.02,0.01,0.01,0.01,0.01,0.01,0.01,0.01,0.01,0.01,0.01,0.01,0.01
20160329,183235,0,800,0,0.01,0.00,0.00,0.00,0.00,0.01,0.01,0.01,0.00,0.00,0.00,0.01,0.01,0.01,0.00,0.00,0.00,0.01,0.01,0.00,0.00,0.00,0.00,0.01,0.00,0.00,0.00,0.01,0.00,0.01,0.00,0.01,0.00,0.00,0.00,0.00,0.00,0.00,0.01,0.01,0.00,0.00,0.00,0.00,0.01,0.00,0.01,0.00,0.01,0.00,0.01,0.00,0.00,0.00,0.01,0.01,0.01,0.00,0.00,0.00,0.01,0.00,0.01,0.00,-0.10,-0.01,-0.05,0.02,-0.04,0.05,0.01,0.05,0.01,0.02,-0.01,0.00,0.02,0.07,0.15,0.22,0.25,0.22,0.15,0.05,-0.01,-0.02,-0.00,0.03,0.07,0.08,0.08,0.07,0.06,0.05,0.04,0.04,0.04,0.04,0.04,0.04,0.04,0.03,0.03,0.03,0.03,0.03,0.02,0.02,0.02,0.02,0.02,0.02,0.02,0.01,0.01,0.01,0.01,0.01,0.01,0.01,0.01,0.01,0.01,0.01,0.01,0.01,0.01,0.01
20160329,183235,0,800,0,0.01,0.01,0.01,0.00,0.00,0.01,0.01,0.01,0.00,0.00,0.00,0.00,0.01,0.01,0.01,0.01,0.00,0.01,0.01,0.01,0.00,0.01,0.00,0.01,0.00,0.01,0.00,0.01,0.00,0.01,0.00,0.01,0.01,0.01,0.00,0.00,0.01,0.01,0.01,0.01,0.00,0.00,0.01,0.01,0.01,0.01,0.01,0.00,0.01,0.01,0.01,0.01,0.00,0.00,0.01,0.01,0.01,0.01,0.00,0.00,0.01,0.01,0.01,0.01,-0.08,0.03,-0.04,0.02,-0.03,0.04,0.01,0.05,0.02,0.02,-0.00,-0.00,0.02,0.07,0.15,0.22,0.26,0.23,0.15,0.06,-0.01,-0.03,-0.01,0.04,0.07,0.09,0.08,0.07,0.06,0.05,0.04,0.04,0.04,0.04,0.05,0.04,0.04,0.04,0.03,0.03,0.03,0.03,0.03,0.02,0.02,0.02,0.02,0.02,0.02,0.01,0.01,0.01,0.01,0.01,0.01,0.01,0.01,0.01,0.01,0.01,0.01,0.01,0.01,0.01
20160329,183236,0,800,0,0.01,0.01,0.00,0.00,0.00,0.00,0.00,0.00,0.01,0.00,0.00,0.01,0.00,0.00,0.00,0.01,0.00,0.00,0.00,0.00,0.01,0.01,0.00,0.00,0.00,0.01,0.00,0.01,0.01,0.00,0.00,0.00,0.00,0.01,0.00,0.00,0.00,0.01,0.01,0.01,0.00,0.00,0.01,0.01,0.00,0.00,0.00,0.00,0.00,0.00,0.00,0.01,0.01,0.00,0.01,0.00,0.00,0.00,0.00,0.00,0.00,0.01,0.01,0.01,-0.07,-0.02,0.02,-0.02,-0.01,0.03,0.02,0.03,0.02,0.01,0.00,-0.01,0.02,0.06,0.14,0.21,0.25,0.23,0.16,0.06,-0.00,-0.02,-0.01,0.03,0.07,0.08,0.08,0.07,0.06,0.05,0.04,0.04,0.04,0.04,0.04,0.04,0.04,0.04,0.03,0.03,0.03,0.02,0.02,0.02,0.02,0.02,0.02,0.02,0.01,0.01,0.01,0.01,0.01,0.01,0.01,0.01,0.01,0.01,0.01,0.01,0.01,0.01,0.01,0.00
20160329,183236,0,800,0,0.01,0.01,0.00,0.01,0.01,0.01,0.01,0.01,0.00,0.01,0.01,0.01,0.01,0.01,0.00,0.01,0.01,0.01,0.01,0.01,0.00,0.01,0.01,0.01,0.01,0.01,0.00,0.01,0.01,0.01,0.01,0.01,0.00,0.01,0.01,0.01,0.01,0.01,0.01,0.01,0.01,0.00,0.00,0.01,0.01,0.01,0.01,0.00,0.01,0.01,0.01,0.01,0.01,0.01,0.01,0.01,0.00,0.00,0.01,0.01,0.01,0.01,0.00,0.00,-0.09,0.03,-0.06,0.04,-0.03,0.05,0.02,0.06,0.01,0.02,-0.01,0.00,0.02,0.08,0.16,0.23,0.25,0.21,0.14,0.05,-0.01,-0.03,0.00,0.04,0.07,0.08,0.08,0.07,0.06,0.04,0.04,0.04,0.04,0.04,0.05,0.04,0.04,0.03,0.03,0.03,0.03,0.02,0.02,0.02,0.03,0.02,0.02,0.02,0.02,0.01,0.02,0.01,0.01,0.01,0.01,0.01,0.01,0.01,0.01,0.01,0.01,0.01,0.01,0.01
20160329,183237,0,800,0,0.01,0.00,0.00,0.01,0.00,0.01,0.00,0.00,0.00,0.00,0.01,0.00,0.00,0.00,0.00,0.01,0.00,0.00,0.00,0.00,0.01,0.00,0.01,0.00,0.00,0.00,0.00,0.01,0.00,0.00,0.00,0.00,0.00,0.00,0.01,0.00,0.01,0.00,0.01,0.00,0.00,0.00,0.01,0.01,0.01,0.00,0.00,0.00,0.00,0.00,0.00,0.00,0.00,0.00,0.00,0.00,0.00,0.00,0.01,0.01,0.01,0.00,0.00,0.00,-0.06,-0.01,-0.04,0.06,-0.00,0.04,0.03,0.05,0.02,0.02,-0.01,0.01,0.01,0.08,0.15,0.23,0.24,0.21,0.14,0.05,-0.01,-0.02,-0.00,0.04,0.07,0.08,0.08,0.07,0.06,0.04,0.04,0.04,0.04,0.04,0.04,0.04,0.04,0.03,0.03,0.03,0.03,0.02,0.02,0.02,0.02,0.02,0.02,0.01,0.01,0.01,0.01,0.01,0.01,0.01,0.01,0.01,0.01,0.01,0.01,0.01,0.01,0.01,0.01,0.01
20160329,183237,0,850,0,0.00,0.00,0.00,0.01,0.00,0.01,0.00,0.00,0.00,0.00,0.00,0.01,0.01,0.00,0.00,0.01,0.00,0.01,0.01,0.00,0.00,0.00,0.01,0.01,0.01,0.00,0.00,0.01,0.00,0.01,0.00,0.00,0.00,0.00,0.01,0.01,0.01,0.00,0.00,0.01,0.01,0.00,0.00,0.00,0.00,0.00,0.01,0.00,0.01,0.01,0.01,0.00,0.00,0.00,0.01,0.01,0.01,0.00,0.01,0.00,0.01,0.00,0.01,-0.01,0.00,-0.05,0.04,-0.02,0.07,0.00,0.05,0.02,0.03,0.02,0.06,0.14,0.25,0.34,0.35,0.27,0.13,0.02,-0.04,-0.03,0.01,0.07,0.12,0.12,0.11,0.09,0.07,0.05,0.05,0.05,0.06,0.06,0.06,0.06,0.05,0.05,0.04,0.04,0.03,0.03,0.03,0.03,0.03,0.02,0.02,0.02,0.02,0.02,0.02,0.02,0.01,0.01,0.02,0.01,0.01,0.01,0.01,0.01,0.01,0.01,0.01,0.01,0.01,0.01
20160329,183238,0,850,0,0.01,0.00,0.01,0.01,0.01,0.00,0.01,0.01,0.01,0.00,0.01,0.01,0.01,0.01,0.00,0.01,0.00,0.01,0.01,0.01,0.00,0.01,0.00,0.01,0.01,0.01,0.00,0.01,0.00,0.01,0.01,0.01,0.00,0.00,0.01,0.01,0.01,0.00,0.00,0.00,0.01,0.01,0.01,0.00,0.01,0.00,0.01,0.00,0.00,0.00,0.00,0.01,0.00,0.01,0.00,0.00,0.00,0.00,0.01,0.01,0.00,0.00,0.00,-0.01,-0.08,-0.01,-0.04,0.07,0.00,0.07,0.02,0.05,0.01,0.04,0.08,0.19,0.29,0.36,0.33,0.22,0.08,-0.02,-0.05,-0.02,0.04,0.09,0.12,0.12,0.10,0.08,0.06,0.05,0.05,0.05,0.06,0.06,0.06,0.06,0.05,0.04,0.04,0.04,0.04,0.03,0.03,0.03,0.03,0.03,0.02,0.02,0.02,0.02,0.02,0.02,0.02,0.01,0.01,0.01,0.01,0.01,0.01,0.01,0.01,0.01,0.01,0.01,0.01,0.01
20160329,183238,0,850,0,0.01,0.01,0.00,0.00,0.00,0.01,0.01,0.01,0.00,0.00,0.00,0.01,0.00,0.01,0.00,0.00,0.01,0.01,0.00,0.01,0.00,0.01,0.00,0.01,0.00,0.01,0.01,0.00,0.00,0.00,0.01,0.01,0.01,0.00,0.00,0.01,0.01,0.01,0.01,0.00,0.00,0.00,0.01,0.00,0.01,0.00,0.00,0.00,0.00,0.01,0.01,0.00,0.00,0.00,0.01,0.01,0.01,0.00,0.00,0.01,0.00,0.01,0.00,0.02,-0.08,0.00,-0.04,0.06,0.00,0.07,0.03,0.04,0.01,0.04,0.08,0.18,0.29,0.35,0.33,0.21,0.08,-0.01,-0.05,-0.02,0.04,0.09,0.12,0.12,0.10,0.08,0.06,0.05,0.05,0.05,0.06,0.06,0.06,0.06,0.05,0.05,0.04,0.03,0.03,0.03,0.03,0.03,0.03,0.02,0.03,0.02,0.02,0.02,0.02,0.01,0.01,0.01,0.01,0.01,0.01,0.01,0.01,0.01,0.01,0.01,0.01,0.01,0.01,0.01
20160329,183239,0,850,0,0.00,0.00,0.00,0.00,0.01,0.00,0.00,0.00,0.00,0.01,0.00,0.00,0.00,0.01,0.00,0.00,0.01,0.00,0.01,0.01,0.00,0.00,0.00,0.01,0.01,0.01,0.01,0.00,0.01,0.01,0.00,0.01,0.00,0.01,0.00,0.01,0.01,0.01,0.00,0.00,0.00,0.01,0.01,0.01,0.00,0.00,0.00,0.01,0.01,0.00,0.00,0.01,0.00,0.01,0.00,0.01,0.00,0.01,0.00,0.01,0.00,0.01,0.01,0.01,-0.10,-0.01,-0.04,0.02,-0.03,0.05,0.01,0.05,0.01,0.03,0.03,0.10,0.21,0.31,0.36,0.30,0.18,0.05,-0.03,-0.05,-0.01,0.05,0.10,0.12,0.12,0.09,0.07,0.06,0.05,0.05,0.05,0.06,0.06,0.06,0.05,0.05,0.04,0.04,0.04,0.03,0.03,0.03,0.03,0.03,0.02,0.02,0.02,0.02,0.02,0.02,0.02,0.01,0.01,0.01,0.02,0.01,0.01,0.01,0.01,0.01,0.01,0.01,0.01,0.01
20160329,183239,0,850,0,0.01,0.00,0.00,0.00,0.00,0.01,0.00,0.00,0.00,0.00,0.00,0.00,0.00,0.01,0.01,0.01,0.00,0.01,0.00,0.00,0.01,0.00,0.00,0.00,0.01,0.00,0.01,0.01,0.00,0.00,0.00,0.00,0.01,0.01,0.00,0.00,0.01,0.01,0.01,0.00,0.00,0.01,0.00,0.01,0.01,0.01,0.00,0.00,0.01,0.00,0.00,0.01,0.00,0.00,0.00,0.01,0.01,0.01,0.00,0.00,0.01,0.00,0.00,0.01,-0.07,-0.00,-0.05,0.06,-0.01,0.05,0.03,0.05,0.02,0.03,0.04,0.13,0.23,0.33,0.35,0.28,0.16,0.03,-0.04,-0.05,0.00,0.06,0.11,0.12,0.11,0.09,0.07,0.06,0.05,0.05,0.06,0.06,0.06,0.06,0.06,0.05,0.04,0.04,0.04,0.03,0.03,0.03,0.03,0.03,0.03,0.02,0.02,0.02,0.02,0.02,0.02,0.02,0.01,0.01,0.01,0.01,0.01,0.01,0.01,0.01,0.01,0.01,0.01,0.01
20160329,183240,0,850,0,0.00,0.00,0.00,0.01,0.01,0.01,0.00,0.00,0.00,0.00,0.01,0.00,0.00,0.01,0.00,0.01,0.00,0.01,0.00,0.01,0.01,0.01,0.00,0.00,0.00,0.01,0.01,0.01,0.00,0.01,0.00,0.01,0.01,0.01,0.01,0.00,0.00,0.01,0.00,0.01,0.00,0.01,0.01,0.01,0.00,0.00,0.00,0.01,0.01,0.01,0.00,0.00,0.00,0.01,0.00,0.01,0.01,0.01,0.01,0.01,0.01,0.01,0.01,0.01,-0.02,0.00,-0.00,-0.01,-0.02,0.04,0.02,0.04,0.03,0.02,0.04,0.10,0.21,0.31,0.36,0.30,0.19,0.06,-0.02,-0.05,-0.01,0.05,0.10,0.12,0.11,0.10,0.07,0.06,0.05,0.05,0.05,0.06,0.06,0.06,0.06,0.05,0.04,0.04,0.04,0.04,0.03,0.03,0.03,0.03,0.03,0.02,0.02,0.02,0.02,0.02,0.02,0.02,0.01,0.01,0.01,0.01,0.01,0.01,0.01,0.01,0.01,0.01,0.01,0.01
20160329,183240,0,850,0,0.01,0.01,0.01,0.01,0.00,0.01,0.01,0.01,0.01,0.01,0.00,0.00,0.01,0.01,0.01,0.01,0.00,0.01,0.00,0.01,0.01,0.01,0.01,0.00,0.01,0.01,0.01,0.00,0.00,0.00,0.01,0.01,0.01,0.00,0.00,0.01,0.01,0.01,0.00,0.00,0.00,0.01,0.01,0.01,0.01,0.01,0.00,0.00,0.01,0.01,0.01,0.01,0.01,0.00,0.00,0.01,0.00,0.01,0.01,0.00,0.00,0.00,0.01,-0.02,-0.04,-0.01,-0.02,0.04,0.03,0.03,0.05,0.03,0.02,0.02,0.05,0.14,0.24,0.34,0.34,0.27,0.14,0.02,-0.04,-0.04,0.01,0.07,0.11,0.12,0.11,0.09,0.07,0.06,0.05,0.05,0.06,0.06,0.06,0.06,0.05,0.05,0.04,0.04,0.03,0.03,0.03,0.03,0.03,0.03,0.02,0.02,0.02,0.02,0.02,0.02,0.01,0.01,0.01,0.02,0.01,0.01,0.01,0.01,0.01,0.01,0.01,0.01,0.01,0.01
20160329,183241,0,0,0,0.01,0.00,0.00,0.00,0.00,0.00,0.00,0.00,0.00,0.01,0.01,0.00,0.01,0.00,0.00,0.00,0.00,0.00,0.00,0.00,0.00,0.01,0.01,0.00,0.01,0.00,0.01,0.00,0.00,0.00,0.01,0.01,0.01,0.00,0.00,0.00,0.01,0.01,0.01,0.00,0.01,0.00,0.00,0.01,0.01,0.00,0.01,0.00,0.00,0.01,0.01,0.00,0.00,0.00,0.00,0.01,0.01,0.00,0.00,0.00,0.00,0.00,0.01,0.00,-0.02,0.01,-0.02,0.00,-0.02,0.03,0.01,0.04,0.02,0.01,0.00,-0.01,0.00,-0.00,0.01,0.01,0.01,0.01,0.01,0.00,0.00,0.00,0.01,0.01,0.01,0.01,0.00,0.00,0.00,0.01,0.00,0.00,0.00,0.00,0.01,0.01,0.01,0.00,0.00,0.00,0.01,0.01,0.00,0.00,0.01,0.00,0.01,0.00,0.01,0.01,0.01,0.00,0.00,0.01,0.01,0.01,0.00,0.00,0.00,0.01,0.01,0.01,0.01,0.00
20160329,183241,0,0,0,0.00,0.01,0.00,0.01,0.01,0.01,0.00,0.01,0.00,0.01,0.01,0.01,0.00,0.00,0.01,0.01,0.01,0.01,0.00,0.00,0.00,0.01,0.01,0.01,0.01,0.00,0.01,0.01,0.01,0.00,0.01,0.00,0.01,0.01,0.01,0.00,0.01,0.00,0.01,0.00,0.00,0.00,0.00,0.01,0.01,0.00,0.01,0.00,0.01,0.00,0.01,0.00,0.00,0.00,0.01,0.00,0.00,0.00,0.00,0.01,0.01,0.01,0.01,0.00,-0.07,-0.01,-0.05,0.07,-0.02,0.05,0.03,0.05,0.02,0.02,-0.01,0.00,-0.01,0.01,0.01,0.01,0.01,0.01,0.01,0.00,0.00,0.00,0.01,0.00,0.01,0.00,0.01,0.00,0.01,0.00,0.01,0.00,0.01,0.01,0.01,0.00,0.01,0.00,0.00,0.01,0.00,0.00,0.00,0.00,0.00,0.01,0.01,0.00,0.01,0.00,0.01,0.01,0.00,0.00,0.00,0.01,0.00,0.01,0.00,0.00,0.01,0.01,0.00,0.00
20160329,183242,0,0,0,0.01,0.00,0.01,0.00,0.01,0.00,0.00,0.00,0.01,0.00,0.01,0.00,0.00,0.01,0.01,0.00,0.00,0.00,0.00,0.01,0.01,0.00,0.01,0.00,0.01,0.01,0.01,0.00,0.00,0.00,0.01,0.01,0.00,0.00,0.00,0.00,0.01,0.00,0.01,0.00,0.00,0.01,0.00,0.00,0.00,0.01,0.01,0.01,0.01,0.00,0.00,0.00,0.00,0.01,0.00,0.00,0.00,0.01,0.01,0.00,0.01,0.00,0.00,-0.00,0.04,-0.07,0.05,-0.04,0.05,0.01,0.04,0.01,0.03,-0.00,0.00,-0.01,-0.00,0.00,0.01,0.01,0.01,0.01,0.00,0.01,0.01,0.01,0.00,0.01,0.00,0.01,0.01,0.01,0.00,0.01,0.00,0.00,0.01,0.01,0.00,0.00,0.00,0.00,0.00,0.00,0.00,0.00,0.00,0.00,0.01,0.01,0.00,0.01,0.00,0.01,0.00,0.01,0.00,0.01,0.01,0.00,0.01,0.00,0.01,0.00,0.01,0.00,0.00,0.01
20160329,183242,0,0,0,0.00,0.00,0.01,0.01,0.01,0.01,0.00,0.01,0.01,0.01,0.01,0.01,0.01,0.01,0.01,0.01,0.01,0.01,0.00,0.01,0.00,0.01,0.00,0.01,0.01,0.01,0.00,0.01,0.00,0.01,0.01,0.01,0.00,0.01,0.01,0.01,0.01,0.00,0.00,0.00,0.01,0.01,0.00,0.00,0.00,0.01,0.01,0.01,0.01,0.00,0.00,0.00,0.01,0.01,0.01,0.00,0.00,0.01,0.01,0.01,0.00,0.00,0.00,0.00,-0.09,0.02,-0.06,0.07,-0.02,0.06,0.02,0.06,0.01,0.02,-0.01,0.00,-0.01,0.01,0.01,0.01,0.01,0.01,0.01,0.01,0.01,0.00,0.00,0.00,0.01,0.01,0.01,0.00,0.01,0.00,0.00,0.01,0.01,0.01,0.01,0.00,0.01,0.00,0.01,0.00,0.00,0.00,0.00,0.01,0.01,0.01,0.00,0.01,0.00,0.01,0.00,0.01,0.01,0.01,0.00,0.01,0.00,0.01,0.01,0.00,0.00,0.01,0.00,0.01
20160329,183243,0,0,0,0.01,0.00,0.00,0.01,0.01,0.01,0.01,0.00,0.00,0.01,0.01,0.01,0.01,0.00,0.00,0.01,0.01,0.01,0.01,0.00,0.00,0.01,0.01,0.01,0.01,0.01,0.00,0.01,0.01,0.01,0.01,0.00,0.01,0.01,0.01,0.00,0.01,0.01,0.01,0.01,0.01,0.01,0.01,0.01,0.01,0.00,0.01,0.01,0.01,0.01,0.01,0.00,0.01,0.01,0.01,0.01,0.01,0.00,0.01,0.01,0.01,0.01,0.01,0.00,-0.08,-0.01,0.02,-0.00,-0.01,0.02,0.02,0.03,0.03,0.00,0.01,-0.01,0.00,0.00,0.01,0.01,0.01,0.01,0.01,0.00,0.01,0.00,0.01,0.01,0.00,0.01,0.01,0.01,0.01,0.00,0.00,0.00,0.01,0.01,0.01,0.01,0.00,0.00,0.01,0.01,0.01,0.00,0.00,0.00,0.01,0.01,0.01,0.01,0.00,0.00,0.00,0.01,0.01,0.01,0.00,0.00,0.01,0.01,0.00,0.01,0.00,0.00,0.00,0.01
